user_ID,video_ID,video_name,rating_type,rating,timestamp
1,0,['videos\\animated\\titans_report.2010-09-30_1113CEST_R1-V0-A1-UP0-SD4.mkv'],radio,5,2023-10-16 15:26:24 655033
1,1,['videos\\documentary\\fb35_A_2017.12.11_10.00.59_R1-V0-A1-UP0-SD4.mkv'],radio,4,2023-10-16 16:15:09 390971
1,1,['videos\\documentary\\fb35_A_2017.12.11_10.00.59_R1-V0-A1-UP0-SD4.mkv'],pixelization,on,2023-10-16 16:15:09 390971
1,1,['videos\\documentary\\fb35_A_2017.12.11_10.00.59_R1-V0-A1-UP0-SD4.mkv'],uniteresting_content,on,2023-10-16 16:15:09 390971
1,1,['videos\\documentary\\fb35_A_2017.12.11_10.00.59_R1-V0-A1-UP0-SD4.mkv'],stop_watching,on,2023-10-16 16:15:09 390971
1,2,['videos\\gaming\\pocket_report.2011-04-21_1135CEST_R2-V0-A1-UP0-SD4.mkv'],radio,5,2023-10-16 16:16:12 004682
1,3,['videos\\movie\\terminator_vodafone_IE_2019.02.26_17.47.50_R1-V0-A1-UP0-SD4.mkv'],radio,4,2023-10-16 16:17:39 294644
1,3,['videos\\movie\\terminator_vodafone_IE_2019.02.26_17.47.50_R1-V0-A1-UP0-SD4.mkv'],res_switches,on,2023-10-16 16:17:39 294644
1,3,['videos\\movie\\terminator_vodafone_IE_2019.02.26_17.47.50_R1-V0-A1-UP0-SD4.mkv'],pixelization,on,2023-10-16 16:17:39 294644
1,4,['videos\\music\\rmoff_vodafone_IE_2019.02.26_17.47.50_R1-V0-A1-UP0-SD4.mkv'],radio,5,2023-10-16 16:20:44 726670
1,4,['videos\\music\\rmoff_vodafone_IE_2019.02.26_17.47.50_R1-V0-A1-UP0-SD4.mkv'],pixelization,on,2023-10-16 16:20:44 726670
1,5,['videos\\news\\fox_vodafone_IE_2019.02.26_17.47.50_R2-V0-A1-UP0-SD4.mkv'],radio,4,2023-10-16 16:26:23 350741
1,5,['videos\\news\\fox_vodafone_IE_2019.02.26_17.47.50_R2-V0-A1-UP0-SD4.mkv'],res_switches,on,2023-10-16 16:26:23 350741
1,5,['videos\\news\\fox_vodafone_IE_2019.02.26_17.47.50_R2-V0-A1-UP0-SD4.mkv'],uniteresting_content,on,2023-10-16 16:26:23 350741
1,5,['videos\\news\\fox_vodafone_IE_2019.02.26_17.47.50_R2-V0-A1-UP0-SD4.mkv'],stop_watching,on,2023-10-16 16:26:23 350741
1,6,['videos\\sport\\sopercopa_vodafone_IE_2019.02.26_17.47.50_R2-V0-A1-UP0-SD4.mkv'],radio,5,2023-10-16 16:29:00 601405
1,6,['videos\\sport\\sopercopa_vodafone_IE_2019.02.26_17.47.50_R2-V0-A1-UP0-SD4.mkv'],res_switches,on,2023-10-16 16:29:00 601405
2,0,['videos\\animated\\penc_report.2011-01-29_1800CET_R1-V0-A1-UP0-SD4.mkv'],radio,3,2023-10-17 11:10:58 088830
2,0,['videos\\animated\\penc_report.2011-01-29_1800CET_R1-V0-A1-UP0-SD4.mkv'],pixelization,on,2023-10-17 11:10:58 088830
2,1,['videos\\documentary\\spreader_report.2011-01-29_1800CET_R1-V0-A1-UP0-SD4.mkv'],radio,2,2023-10-17 11:12:42 562334
2,1,['videos\\documentary\\spreader_report.2011-01-29_1800CET_R1-V0-A1-UP0-SD4.mkv'],pixelization,on,2023-10-17 11:12:42 562334
2,1,['videos\\documentary\\spreader_report.2011-01-29_1800CET_R1-V0-A1-UP0-SD4.mkv'],init_delay,on,2023-10-17 11:12:42 562334
2,2,['videos\\gaming\\ds_A_2017.12.11_10.00.59_R1-V0-A1-UP0-SD4.mkv'],radio,4,2023-10-17 11:17:13 970041
2,2,['videos\\gaming\\ds_A_2017.12.11_10.00.59_R1-V0-A1-UP0-SD4.mkv'],pixelization,on,2023-10-17 11:17:13 970041
2,3,['videos\\movie\\terminator_A_2017.12.11_10.00.59_R1-V0-A1-UP0-SD4.mkv'],radio,1,2023-10-17 11:18:54 104738
2,3,['videos\\movie\\terminator_A_2017.12.11_10.00.59_R1-V0-A1-UP0-SD4.mkv'],pixelization,on,2023-10-17 11:18:54 104738
2,3,['videos\\movie\\terminator_A_2017.12.11_10.00.59_R1-V0-A1-UP0-SD4.mkv'],init_delay,on,2023-10-17 11:18:54 104738
2,4,['videos\\music\\lestwins_report.2010-09-30_1113CEST_R1-V0-A1-UP0-SD4.mkv'],radio,3,2023-10-17 11:26:15 371660
2,4,['videos\\music\\lestwins_report.2010-09-30_1113CEST_R1-V0-A1-UP0-SD4.mkv'],stalling,on,2023-10-17 11:26:15 371660
2,4,['videos\\music\\lestwins_report.2010-09-30_1113CEST_R1-V0-A1-UP0-SD4.mkv'],pixelization,on,2023-10-17 11:26:15 371660
2,4,['videos\\music\\lestwins_report.2010-09-30_1113CEST_R1-V0-A1-UP0-SD4.mkv'],init_delay,on,2023-10-17 11:26:15 371660
2,5,['videos\\news\\fox_report.2010-09-30_1113CEST_R1-V0-A1-UP0-SD4.mkv'],radio,4,2023-10-17 11:32:53 177842
2,5,['videos\\news\\fox_report.2010-09-30_1113CEST_R1-V0-A1-UP0-SD4.mkv'],stalling,on,2023-10-17 11:32:53 177842
2,6,['videos\\sport\\tycr7_report.2011-04-21_1135CEST_R2-V0-A1-UP0-SD4.mkv'],radio,5,2023-10-17 11:39:40 136725
2,6,['videos\\sport\\tycr7_report.2011-04-21_1135CEST_R2-V0-A1-UP0-SD4.mkv'],pixelization,on,2023-10-17 11:39:40 136725
2,6,['videos\\sport\\tycr7_report.2011-04-21_1135CEST_R2-V0-A1-UP0-SD4.mkv'],stop_watching,on,2023-10-17 11:39:40 136725
3,0,['videos\\animated\\titans_vodafone_IE_2019.02.26_17.47.50_R2-V0-A1-UP0-SD4.mkv'],radio,4,2023-10-17 14:17:37 928144
3,0,['videos\\animated\\titans_vodafone_IE_2019.02.26_17.47.50_R2-V0-A1-UP0-SD4.mkv'],stalling,on,2023-10-17 14:17:37 928144
3,0,['videos\\animated\\titans_vodafone_IE_2019.02.26_17.47.50_R2-V0-A1-UP0-SD4.mkv'],pixelization,on,2023-10-17 14:17:37 928144
3,1,['videos\\documentary\\spreader_report.2010-09-30_1113CEST_R1-V0-A1-UP0-SD4.mkv'],radio,3,2023-10-17 14:18:50 687899
3,1,['videos\\documentary\\spreader_report.2010-09-30_1113CEST_R1-V0-A1-UP0-SD4.mkv'],stalling,on,2023-10-17 14:18:50 687899
3,1,['videos\\documentary\\spreader_report.2010-09-30_1113CEST_R1-V0-A1-UP0-SD4.mkv'],pixelization,on,2023-10-17 14:18:50 687899
3,2,['videos\\gaming\\pocket_vodafone_IE_2019.02.26_17.47.50_R2-V0-A1-UP0-SD4.mkv'],radio,4,2023-10-17 14:19:53 976211
3,2,['videos\\gaming\\pocket_vodafone_IE_2019.02.26_17.47.50_R2-V0-A1-UP0-SD4.mkv'],res_switches,on,2023-10-17 14:19:53 976211
3,2,['videos\\gaming\\pocket_vodafone_IE_2019.02.26_17.47.50_R2-V0-A1-UP0-SD4.mkv'],uniteresting_content,on,2023-10-17 14:19:53 976211
3,3,['videos\\movie\\mrbean_report.2011-04-21_1135CEST_R2-V0-A1-UP0-SD4.mkv'],radio,3,2023-10-17 14:25:05 255852
3,3,['videos\\movie\\mrbean_report.2011-04-21_1135CEST_R2-V0-A1-UP0-SD4.mkv'],stalling,on,2023-10-17 14:25:05 255852
3,3,['videos\\movie\\mrbean_report.2011-04-21_1135CEST_R2-V0-A1-UP0-SD4.mkv'],pixelization,on,2023-10-17 14:25:05 255852
3,4,['videos\\music\\lestwins_vodafone_IE_2019.02.26_17.47.50_R1-V0-A1-UP0-SD4.mkv'],radio,4,2023-10-17 14:30:17 664202
3,4,['videos\\music\\lestwins_vodafone_IE_2019.02.26_17.47.50_R1-V0-A1-UP0-SD4.mkv'],uniteresting_content,on,2023-10-17 14:30:17 664202
3,4,['videos\\music\\lestwins_vodafone_IE_2019.02.26_17.47.50_R1-V0-A1-UP0-SD4.mkv'],stop_watching,on,2023-10-17 14:30:17 664202
3,5,['videos\\news\\everton_vodafone_IE_2019.02.26_17.47.50_R2-V0-A1-UP0-SD4.mkv'],radio,4,2023-10-17 14:35:23 419015
3,5,['videos\\news\\everton_vodafone_IE_2019.02.26_17.47.50_R2-V0-A1-UP0-SD4.mkv'],uniteresting_content,on,2023-10-17 14:35:23 419015
3,5,['videos\\news\\everton_vodafone_IE_2019.02.26_17.47.50_R2-V0-A1-UP0-SD4.mkv'],stop_watching,on,2023-10-17 14:35:23 419015
3,6,['videos\\sport\\sopercopa_report.2010-09-30_1113CEST_R3-V0-A1-UP0-SD4.mkv'],radio,3,2023-10-17 14:38:01 250265
3,6,['videos\\sport\\sopercopa_report.2010-09-30_1113CEST_R3-V0-A1-UP0-SD4.mkv'],res_switches,on,2023-10-17 14:38:01 250265
4,0,['videos\\animated\\penc_vodafone_IE_2019.02.26_17.47.50_R1-V0-A1-UP0-SD4.mkv'],radio,4,2023-10-18 11:04:21 068400
4,0,['videos\\animated\\penc_vodafone_IE_2019.02.26_17.47.50_R1-V0-A1-UP0-SD4.mkv'],res_switches,on,2023-10-18 11:04:21 068400
4,0,['videos\\animated\\penc_vodafone_IE_2019.02.26_17.47.50_R1-V0-A1-UP0-SD4.mkv'],uniteresting_content,on,2023-10-18 11:04:21 068400
4,0,['videos\\animated\\penc_vodafone_IE_2019.02.26_17.47.50_R1-V0-A1-UP0-SD4.mkv'],stop_watching,on,2023-10-18 11:04:21 068400
4,1,['videos\\documentary\\fb35_A_2017.12.11_10.00.59_R1-V0-A1-UP0-SD4.mkv'],radio,1,2023-10-18 11:09:36 900629
4,1,['videos\\documentary\\fb35_A_2017.12.11_10.00.59_R1-V0-A1-UP0-SD4.mkv'],stalling,on,2023-10-18 11:09:36 900629
4,1,['videos\\documentary\\fb35_A_2017.12.11_10.00.59_R1-V0-A1-UP0-SD4.mkv'],res_switches,on,2023-10-18 11:09:36 900629
4,1,['videos\\documentary\\fb35_A_2017.12.11_10.00.59_R1-V0-A1-UP0-SD4.mkv'],pixelization,on,2023-10-18 11:09:36 900629
4,1,['videos\\documentary\\fb35_A_2017.12.11_10.00.59_R1-V0-A1-UP0-SD4.mkv'],artifacts,on,2023-10-18 11:09:36 900629
4,1,['videos\\documentary\\fb35_A_2017.12.11_10.00.59_R1-V0-A1-UP0-SD4.mkv'],stop_watching,on,2023-10-18 11:09:36 900629
4,2,['videos\\gaming\\pocket_vodafone_IE_2019.02.26_17.47.50_R1-V0-A1-UP0-SD4.mkv'],radio,4,2023-10-18 11:10:36 998850
4,2,['videos\\gaming\\pocket_vodafone_IE_2019.02.26_17.47.50_R1-V0-A1-UP0-SD4.mkv'],res_switches,on,2023-10-18 11:10:36 998850
4,3,['videos\\movie\\mrbean_report.2010-09-30_1113CEST_R1-V0-A1-UP0-SD4.mkv'],radio,2,2023-10-18 11:16:03 583640
4,3,['videos\\movie\\mrbean_report.2010-09-30_1113CEST_R1-V0-A1-UP0-SD4.mkv'],stalling,on,2023-10-18 11:16:03 583640
4,3,['videos\\movie\\mrbean_report.2010-09-30_1113CEST_R1-V0-A1-UP0-SD4.mkv'],res_switches,on,2023-10-18 11:16:03 583640
4,3,['videos\\movie\\mrbean_report.2010-09-30_1113CEST_R1-V0-A1-UP0-SD4.mkv'],pixelization,on,2023-10-18 11:16:03 583640
4,3,['videos\\movie\\mrbean_report.2010-09-30_1113CEST_R1-V0-A1-UP0-SD4.mkv'],artifacts,on,2023-10-18 11:16:03 583640
4,4,['videos\\music\\lestwins_report.2010-09-30_1113CEST_R1-V0-A1-UP0-SD4.mkv'],radio,3,2023-10-18 11:21:44 655656
4,4,['videos\\music\\lestwins_report.2010-09-30_1113CEST_R1-V0-A1-UP0-SD4.mkv'],stalling,on,2023-10-18 11:21:44 655656
4,4,['videos\\music\\lestwins_report.2010-09-30_1113CEST_R1-V0-A1-UP0-SD4.mkv'],res_switches,on,2023-10-18 11:21:44 655656
4,4,['videos\\music\\lestwins_report.2010-09-30_1113CEST_R1-V0-A1-UP0-SD4.mkv'],pixelization,on,2023-10-18 11:21:44 655656
4,4,['videos\\music\\lestwins_report.2010-09-30_1113CEST_R1-V0-A1-UP0-SD4.mkv'],artifacts,on,2023-10-18 11:21:44 655656
4,5,['videos\\news\\fox_report.2011-04-21_1135CEST_R2-V0-A1-UP0-SD4.mkv'],radio,4,2023-10-18 11:27:23 116572
4,5,['videos\\news\\fox_report.2011-04-21_1135CEST_R2-V0-A1-UP0-SD4.mkv'],res_switches,on,2023-10-18 11:27:23 116572
4,6,['videos\\sport\\tycr7_vodafone_IE_2019.02.26_17.47.50_R1-V0-A1-UP0-SD4.mkv'],radio,3,2023-10-18 11:32:37 511488
4,6,['videos\\sport\\tycr7_vodafone_IE_2019.02.26_17.47.50_R1-V0-A1-UP0-SD4.mkv'],res_switches,on,2023-10-18 11:32:37 511488
4,6,['videos\\sport\\tycr7_vodafone_IE_2019.02.26_17.47.50_R1-V0-A1-UP0-SD4.mkv'],artifacts,on,2023-10-18 11:32:37 511488
4,6,['videos\\sport\\tycr7_vodafone_IE_2019.02.26_17.47.50_R1-V0-A1-UP0-SD4.mkv'],uniteresting_content,on,2023-10-18 11:32:37 511488
4,6,['videos\\sport\\tycr7_vodafone_IE_2019.02.26_17.47.50_R1-V0-A1-UP0-SD4.mkv'],stop_watching,on,2023-10-18 11:32:37 511488
5,0,['videos\\animated\\penc_report.2011-01-29_1800CET_R1-V0-A1-UP0-SD4.mkv'],radio,4,2023-10-18 12:13:19 306510
5,0,['videos\\animated\\penc_report.2011-01-29_1800CET_R1-V0-A1-UP0-SD4.mkv'],artifacts,on,2023-10-18 12:13:19 306510
5,1,['videos\\documentary\\spreader_report.2011-04-21_1135CEST_R2-V0-A1-UP0-SD4.mkv'],radio,2,2023-10-18 12:14:31 566649
5,1,['videos\\documentary\\spreader_report.2011-04-21_1135CEST_R2-V0-A1-UP0-SD4.mkv'],pixelization,on,2023-10-18 12:14:31 566649
5,1,['videos\\documentary\\spreader_report.2011-04-21_1135CEST_R2-V0-A1-UP0-SD4.mkv'],artifacts,on,2023-10-18 12:14:31 566649
5,2,['videos\\gaming\\pocket_report.2010-09-30_1113CEST_R1-V0-A1-UP0-SD4.mkv'],radio,4,2023-10-18 12:15:32 125702
5,2,['videos\\gaming\\pocket_report.2010-09-30_1113CEST_R1-V0-A1-UP0-SD4.mkv'],res_switches,on,2023-10-18 12:15:32 125702
5,3,['videos\\movie\\mrbean_vodafone_IE_2019.02.26_17.47.50_R1-V0-A1-UP0-SD4.mkv'],radio,5,2023-10-18 12:20:41 088535
5,4,['videos\\music\\rmoff_report.2010-09-30_1113CEST_R3-V0-A1-UP0-SD4.mkv'],radio,2,2023-10-18 12:23:54 508960
5,4,['videos\\music\\rmoff_report.2010-09-30_1113CEST_R3-V0-A1-UP0-SD4.mkv'],res_switches,on,2023-10-18 12:23:54 508960
5,4,['videos\\music\\rmoff_report.2010-09-30_1113CEST_R3-V0-A1-UP0-SD4.mkv'],pixelization,on,2023-10-18 12:23:54 508960
5,4,['videos\\music\\rmoff_report.2010-09-30_1113CEST_R3-V0-A1-UP0-SD4.mkv'],artifacts,on,2023-10-18 12:23:54 508960
5,4,['videos\\music\\rmoff_report.2010-09-30_1113CEST_R3-V0-A1-UP0-SD4.mkv'],stop_watching,on,2023-10-18 12:23:54 508960
5,5,['videos\\news\\fox_vodafone_IE_2019.02.26_17.47.50_R1-V0-A1-UP0-SD4.mkv'],radio,4,2023-10-18 12:29:34 296612
5,5,['videos\\news\\fox_vodafone_IE_2019.02.26_17.47.50_R1-V0-A1-UP0-SD4.mkv'],res_switches,on,2023-10-18 12:29:34 296612
5,6,['videos\\sport\\sopercopa_A_2017.12.11_10.00.59_R1-V0-A1-UP0-SD4.mkv'],radio,3,2023-10-18 12:32:13 885391
5,6,['videos\\sport\\sopercopa_A_2017.12.11_10.00.59_R1-V0-A1-UP0-SD4.mkv'],res_switches,on,2023-10-18 12:32:13 885391
6,0,['videos\\animated\\titans_report.2010-09-30_1113CEST_R1-V0-A1-UP0-SD4.mkv'],radio,4,2023-10-18 14:23:06 267384
6,0,['videos\\animated\\titans_report.2010-09-30_1113CEST_R1-V0-A1-UP0-SD4.mkv'],res_switches,on,2023-10-18 14:23:06 267384
6,0,['videos\\animated\\titans_report.2010-09-30_1113CEST_R1-V0-A1-UP0-SD4.mkv'],artifacts,on,2023-10-18 14:23:06 267384
6,1,['videos\\documentary\\spreader_A_2017.12.11_10.00.59_R1-V0-A1-UP0-SD4.mkv'],radio,2,2023-10-18 14:24:35 043717
6,1,['videos\\documentary\\spreader_A_2017.12.11_10.00.59_R1-V0-A1-UP0-SD4.mkv'],res_switches,on,2023-10-18 14:24:35 043717
6,1,['videos\\documentary\\spreader_A_2017.12.11_10.00.59_R1-V0-A1-UP0-SD4.mkv'],artifacts,on,2023-10-18 14:24:35 043717
6,1,['videos\\documentary\\spreader_A_2017.12.11_10.00.59_R1-V0-A1-UP0-SD4.mkv'],uniteresting_content,on,2023-10-18 14:24:35 043717
6,1,['videos\\documentary\\spreader_A_2017.12.11_10.00.59_R1-V0-A1-UP0-SD4.mkv'],stop_watching,on,2023-10-18 14:24:35 043717
6,2,['videos\\gaming\\pocket_A_2017.12.11_10.00.59_R1-V0-A1-UP0-SD4.mkv'],radio,4,2023-10-18 14:26:00 001320
6,3,['videos\\movie\\mrbean_vodafone_IE_2019.02.26_17.47.50_R2-V0-A1-UP0-SD4.mkv'],radio,5,2023-10-18 14:31:08 044065
6,3,['videos\\movie\\mrbean_vodafone_IE_2019.02.26_17.47.50_R2-V0-A1-UP0-SD4.mkv'],res_switches,on,2023-10-18 14:31:08 044065
6,3,['videos\\movie\\mrbean_vodafone_IE_2019.02.26_17.47.50_R2-V0-A1-UP0-SD4.mkv'],pixelization,on,2023-10-18 14:31:08 044065
6,4,['videos\\music\\lestwins_vodafone_IE_2019.02.26_17.47.50_R2-V0-A1-UP0-SD4.mkv'],radio,3,2023-10-18 14:36:53 094564
6,4,['videos\\music\\lestwins_vodafone_IE_2019.02.26_17.47.50_R2-V0-A1-UP0-SD4.mkv'],res_switches,on,2023-10-18 14:36:53 094564
6,4,['videos\\music\\lestwins_vodafone_IE_2019.02.26_17.47.50_R2-V0-A1-UP0-SD4.mkv'],artifacts,on,2023-10-18 14:36:53 094564
6,4,['videos\\music\\lestwins_vodafone_IE_2019.02.26_17.47.50_R2-V0-A1-UP0-SD4.mkv'],uniteresting_content,on,2023-10-18 14:36:53 094564
6,4,['videos\\music\\lestwins_vodafone_IE_2019.02.26_17.47.50_R2-V0-A1-UP0-SD4.mkv'],stop_watching,on,2023-10-18 14:36:53 094564
6,5,['videos\\news\\everton_report.2011-01-29_1800CET_R1-V0-A1-UP0-SD4.mkv'],radio,2,2023-10-18 14:43:01 530551
6,5,['videos\\news\\everton_report.2011-01-29_1800CET_R1-V0-A1-UP0-SD4.mkv'],stalling,on,2023-10-18 14:43:01 530551
6,5,['videos\\news\\everton_report.2011-01-29_1800CET_R1-V0-A1-UP0-SD4.mkv'],res_switches,on,2023-10-18 14:43:01 530551
6,5,['videos\\news\\everton_report.2011-01-29_1800CET_R1-V0-A1-UP0-SD4.mkv'],pixelization,on,2023-10-18 14:43:01 530551
6,5,['videos\\news\\everton_report.2011-01-29_1800CET_R1-V0-A1-UP0-SD4.mkv'],stop_watching,on,2023-10-18 14:43:01 530551
6,6,['videos\\sport\\sopercopa_report.2011-04-21_1135CEST_R2-V0-A1-UP0-SD4.mkv'],radio,3,2023-10-18 14:45:40 497529
6,6,['videos\\sport\\sopercopa_report.2011-04-21_1135CEST_R2-V0-A1-UP0-SD4.mkv'],res_switches,on,2023-10-18 14:45:40 497529
6,6,['videos\\sport\\sopercopa_report.2011-04-21_1135CEST_R2-V0-A1-UP0-SD4.mkv'],pixelization,on,2023-10-18 14:45:40 497529
7,0,['videos\\animated\\penc_report.2011-04-21_1135CEST_R2-V0-A1-UP0-SD4.mkv'],radio,3,2023-10-19 11:59:45 352746
7,0,['videos\\animated\\penc_report.2011-04-21_1135CEST_R2-V0-A1-UP0-SD4.mkv'],res_switches,on,2023-10-19 11:59:45 352746
7,0,['videos\\animated\\penc_report.2011-04-21_1135CEST_R2-V0-A1-UP0-SD4.mkv'],pixelization,on,2023-10-19 11:59:45 352746
7,0,['videos\\animated\\penc_report.2011-04-21_1135CEST_R2-V0-A1-UP0-SD4.mkv'],artifacts,on,2023-10-19 11:59:45 352746
7,1,['videos\\documentary\\fb35_vodafone_IE_2019.02.26_17.47.50_R1-V0-A1-UP0-SD4.mkv'],radio,4,2023-10-19 12:05:11 492364
7,1,['videos\\documentary\\fb35_vodafone_IE_2019.02.26_17.47.50_R1-V0-A1-UP0-SD4.mkv'],res_switches,on,2023-10-19 12:05:11 492364
7,1,['videos\\documentary\\fb35_vodafone_IE_2019.02.26_17.47.50_R1-V0-A1-UP0-SD4.mkv'],artifacts,on,2023-10-19 12:05:11 492364
7,2,['videos\\gaming\\ds_vodafone_IE_2019.02.26_17.47.50_R2-V0-A1-UP0-SD4.mkv'],radio,5,2023-10-19 12:09:04 600771
7,2,['videos\\gaming\\ds_vodafone_IE_2019.02.26_17.47.50_R2-V0-A1-UP0-SD4.mkv'],uniteresting_content,on,2023-10-19 12:09:04 600771
7,2,['videos\\gaming\\ds_vodafone_IE_2019.02.26_17.47.50_R2-V0-A1-UP0-SD4.mkv'],stop_watching,on,2023-10-19 12:09:04 600771
7,3,['videos\\movie\\terminator_vodafone_IE_2019.02.26_17.47.50_R1-V0-A1-UP0-SD4.mkv'],radio,3,2023-10-19 12:10:35 335886
7,3,['videos\\movie\\terminator_vodafone_IE_2019.02.26_17.47.50_R1-V0-A1-UP0-SD4.mkv'],pixelization,on,2023-10-19 12:10:35 335886
7,3,['videos\\movie\\terminator_vodafone_IE_2019.02.26_17.47.50_R1-V0-A1-UP0-SD4.mkv'],artifacts,on,2023-10-19 12:10:35 335886
7,4,['videos\\music\\lestwins_report.2010-09-30_1113CEST_R1-V0-A1-UP0-SD4.mkv'],radio,2,2023-10-19 12:16:16 345708
7,4,['videos\\music\\lestwins_report.2010-09-30_1113CEST_R1-V0-A1-UP0-SD4.mkv'],stalling,on,2023-10-19 12:16:16 345708
7,4,['videos\\music\\lestwins_report.2010-09-30_1113CEST_R1-V0-A1-UP0-SD4.mkv'],res_switches,on,2023-10-19 12:16:16 345708
7,4,['videos\\music\\lestwins_report.2010-09-30_1113CEST_R1-V0-A1-UP0-SD4.mkv'],pixelization,on,2023-10-19 12:16:16 345708
7,4,['videos\\music\\lestwins_report.2010-09-30_1113CEST_R1-V0-A1-UP0-SD4.mkv'],artifacts,on,2023-10-19 12:16:16 345708
7,4,['videos\\music\\lestwins_report.2010-09-30_1113CEST_R1-V0-A1-UP0-SD4.mkv'],uniteresting_content,on,2023-10-19 12:16:16 345708
7,4,['videos\\music\\lestwins_report.2010-09-30_1113CEST_R1-V0-A1-UP0-SD4.mkv'],stop_watching,on,2023-10-19 12:16:16 345708
7,5,['videos\\news\\fox_vodafone_IE_2019.02.26_17.47.50_R1-V0-A1-UP0-SD4.mkv'],radio,5,2023-10-19 12:22:13 585519
7,5,['videos\\news\\fox_vodafone_IE_2019.02.26_17.47.50_R1-V0-A1-UP0-SD4.mkv'],uniteresting_content,on,2023-10-19 12:22:13 585519
7,5,['videos\\news\\fox_vodafone_IE_2019.02.26_17.47.50_R1-V0-A1-UP0-SD4.mkv'],stop_watching,on,2023-10-19 12:22:13 585519
7,6,['videos\\sport\\tycr7_A_2017.12.11_10.00.59_R1-V0-A1-UP0-SD4.mkv'],radio,3,2023-10-19 12:27:53 814231
7,6,['videos\\sport\\tycr7_A_2017.12.11_10.00.59_R1-V0-A1-UP0-SD4.mkv'],res_switches,on,2023-10-19 12:27:53 814231
7,6,['videos\\sport\\tycr7_A_2017.12.11_10.00.59_R1-V0-A1-UP0-SD4.mkv'],artifacts,on,2023-10-19 12:27:53 814231
8,0,['videos\\animated\\penc_vodafone_IE_2019.02.26_17.47.50_R1-V0-A1-UP0-SD4.mkv'],radio,4,2023-10-19 16:40:14 583298
8,0,['videos\\animated\\penc_vodafone_IE_2019.02.26_17.47.50_R1-V0-A1-UP0-SD4.mkv'],res_switches,on,2023-10-19 16:40:14 583298
8,0,['videos\\animated\\penc_vodafone_IE_2019.02.26_17.47.50_R1-V0-A1-UP0-SD4.mkv'],pixelization,on,2023-10-19 16:40:14 583298
8,1,['videos\\documentary\\spreader_report.2010-09-30_1113CEST_R3-V0-A1-UP0-SD4.mkv'],radio,2,2023-10-19 16:41:31 447559
8,1,['videos\\documentary\\spreader_report.2010-09-30_1113CEST_R3-V0-A1-UP0-SD4.mkv'],pixelization,on,2023-10-19 16:41:31 447559
8,1,['videos\\documentary\\spreader_report.2010-09-30_1113CEST_R3-V0-A1-UP0-SD4.mkv'],artifacts,on,2023-10-19 16:41:31 447559
8,2,['videos\\gaming\\pocket_report.2011-01-29_1800CET_R1-V0-A1-UP0-SD4.mkv'],radio,3,2023-10-19 16:42:46 604879
8,2,['videos\\gaming\\pocket_report.2011-01-29_1800CET_R1-V0-A1-UP0-SD4.mkv'],res_switches,on,2023-10-19 16:42:46 604879
8,3,['videos\\movie\\terminator_report.2011-01-29_1800CET_R1-V0-A1-UP0-SD4.mkv'],radio,2,2023-10-19 16:44:25 642780
8,3,['videos\\movie\\terminator_report.2011-01-29_1800CET_R1-V0-A1-UP0-SD4.mkv'],res_switches,on,2023-10-19 16:44:25 642780
8,3,['videos\\movie\\terminator_report.2011-01-29_1800CET_R1-V0-A1-UP0-SD4.mkv'],pixelization,on,2023-10-19 16:44:25 642780
8,4,['videos\\music\\rmoff_A_2017.12.11_10.00.59_R1-V0-A1-UP0-SD4.mkv'],radio,2,2023-10-19 16:47:37 119338
8,4,['videos\\music\\rmoff_A_2017.12.11_10.00.59_R1-V0-A1-UP0-SD4.mkv'],stalling,on,2023-10-19 16:47:37 119338
8,4,['videos\\music\\rmoff_A_2017.12.11_10.00.59_R1-V0-A1-UP0-SD4.mkv'],res_switches,on,2023-10-19 16:47:37 119338
8,4,['videos\\music\\rmoff_A_2017.12.11_10.00.59_R1-V0-A1-UP0-SD4.mkv'],artifacts,on,2023-10-19 16:47:37 119338
8,5,['videos\\news\\fox_vodafone_IE_2019.02.26_17.47.50_R2-V0-A1-UP0-SD4.mkv'],radio,4,2023-10-19 16:53:52 002428
8,5,['videos\\news\\fox_vodafone_IE_2019.02.26_17.47.50_R2-V0-A1-UP0-SD4.mkv'],res_switches,on,2023-10-19 16:53:52 002428
8,6,['videos\\sport\\tycr7_report.2011-04-21_1135CEST_R2-V0-A1-UP0-SD4.mkv'],radio,2,2023-10-19 16:59:11 855039
8,6,['videos\\sport\\tycr7_report.2011-04-21_1135CEST_R2-V0-A1-UP0-SD4.mkv'],res_switches,on,2023-10-19 16:59:11 855039
8,6,['videos\\sport\\tycr7_report.2011-04-21_1135CEST_R2-V0-A1-UP0-SD4.mkv'],artifacts,on,2023-10-19 16:59:11 855039
9,0,['videos\\animated\\titans_report.2010-09-30_1113CEST_R3-V0-A1-UP0-SD4.mkv'],radio,2,2023-10-23 13:16:55 554229
9,0,['videos\\animated\\titans_report.2010-09-30_1113CEST_R3-V0-A1-UP0-SD4.mkv'],pixelization,on,2023-10-23 13:16:55 554229
9,0,['videos\\animated\\titans_report.2010-09-30_1113CEST_R3-V0-A1-UP0-SD4.mkv'],artifacts,on,2023-10-23 13:16:55 554229
9,0,['videos\\animated\\titans_report.2010-09-30_1113CEST_R3-V0-A1-UP0-SD4.mkv'],uniteresting_content,on,2023-10-23 13:16:55 554229
9,1,['videos\\documentary\\spreader_A_2017.12.11_10.00.59_R1-V0-A1-UP0-SD4.mkv'],radio,3,2023-10-23 13:18:10 114898
9,1,['videos\\documentary\\spreader_A_2017.12.11_10.00.59_R1-V0-A1-UP0-SD4.mkv'],artifacts,on,2023-10-23 13:18:10 114898
9,2,['videos\\gaming\\pocket_vodafone_IE_2019.02.26_17.47.50_R2-V0-A1-UP0-SD4.mkv'],radio,4,2023-10-23 13:19:11 198315
9,2,['videos\\gaming\\pocket_vodafone_IE_2019.02.26_17.47.50_R2-V0-A1-UP0-SD4.mkv'],res_switches,on,2023-10-23 13:19:11 198315
9,3,['videos\\movie\\mrbean_report.2011-01-29_1800CET_R1-V0-A1-UP0-SD4.mkv'],radio,4,2023-10-23 13:27:47 287614
9,3,['videos\\movie\\mrbean_report.2011-01-29_1800CET_R1-V0-A1-UP0-SD4.mkv'],res_switches,on,2023-10-23 13:27:47 287614
10,0,['videos\\animated\\titans_report.2010-09-30_1113CEST_R3-V0-A1-UP0-SD4.mkv'],radio,2,2023-10-23 14:20:52 976421
10,0,['videos\\animated\\titans_report.2010-09-30_1113CEST_R3-V0-A1-UP0-SD4.mkv'],res_switches,on,2023-10-23 14:20:52 976421
10,0,['videos\\animated\\titans_report.2010-09-30_1113CEST_R3-V0-A1-UP0-SD4.mkv'],pixelization,on,2023-10-23 14:20:52 976421
10,0,['videos\\animated\\titans_report.2010-09-30_1113CEST_R3-V0-A1-UP0-SD4.mkv'],uniteresting_content,on,2023-10-23 14:20:52 976421
10,0,['videos\\animated\\titans_report.2010-09-30_1113CEST_R3-V0-A1-UP0-SD4.mkv'],stop_watching,on,2023-10-23 14:20:52 976421
10,1,['videos\\documentary\\spreader_A_2017.12.11_10.00.59_R1-V0-A1-UP0-SD4.mkv'],radio,4,2023-10-23 14:22:12 098176
10,1,['videos\\documentary\\spreader_A_2017.12.11_10.00.59_R1-V0-A1-UP0-SD4.mkv'],res_switches,on,2023-10-23 14:22:12 098176
10,1,['videos\\documentary\\spreader_A_2017.12.11_10.00.59_R1-V0-A1-UP0-SD4.mkv'],pixelization,on,2023-10-23 14:22:12 098176
10,2,['videos\\gaming\\pocket_vodafone_IE_2019.02.26_17.47.50_R2-V0-A1-UP0-SD4.mkv'],radio,3,2023-10-23 14:23:22 451675
10,2,['videos\\gaming\\pocket_vodafone_IE_2019.02.26_17.47.50_R2-V0-A1-UP0-SD4.mkv'],res_switches,on,2023-10-23 14:23:22 451675
10,2,['videos\\gaming\\pocket_vodafone_IE_2019.02.26_17.47.50_R2-V0-A1-UP0-SD4.mkv'],uniteresting_content,on,2023-10-23 14:23:22 451675
10,2,['videos\\gaming\\pocket_vodafone_IE_2019.02.26_17.47.50_R2-V0-A1-UP0-SD4.mkv'],stop_watching,on,2023-10-23 14:23:22 451675
10,3,['videos\\movie\\mrbean_report.2011-01-29_1800CET_R1-V0-A1-UP0-SD4.mkv'],radio,3,2023-10-23 14:28:45 909014
10,3,['videos\\movie\\mrbean_report.2011-01-29_1800CET_R1-V0-A1-UP0-SD4.mkv'],res_switches,on,2023-10-23 14:28:45 909014
10,3,['videos\\movie\\mrbean_report.2011-01-29_1800CET_R1-V0-A1-UP0-SD4.mkv'],pixelization,on,2023-10-23 14:28:45 909014
10,4,['videos\\music\\rmoff_report.2011-04-21_1135CEST_R2-V0-A1-UP0-SD4.mkv'],radio,4,2023-10-23 14:32:03 968894
10,4,['videos\\music\\rmoff_report.2011-04-21_1135CEST_R2-V0-A1-UP0-SD4.mkv'],pixelization,on,2023-10-23 14:32:03 968894
10,4,['videos\\music\\rmoff_report.2011-04-21_1135CEST_R2-V0-A1-UP0-SD4.mkv'],stop_watching,on,2023-10-23 14:32:03 968894
10,5,['videos\\news\\everton_A_2017.12.11_10.00.59_R1-V0-A1-UP0-SD4.mkv'],radio,2,2023-10-23 14:37:24 534709
10,5,['videos\\news\\everton_A_2017.12.11_10.00.59_R1-V0-A1-UP0-SD4.mkv'],stalling,on,2023-10-23 14:37:24 534709
10,5,['videos\\news\\everton_A_2017.12.11_10.00.59_R1-V0-A1-UP0-SD4.mkv'],res_switches,on,2023-10-23 14:37:24 534709
10,5,['videos\\news\\everton_A_2017.12.11_10.00.59_R1-V0-A1-UP0-SD4.mkv'],uniteresting_content,on,2023-10-23 14:37:24 534709
10,5,['videos\\news\\everton_A_2017.12.11_10.00.59_R1-V0-A1-UP0-SD4.mkv'],stop_watching,on,2023-10-23 14:37:24 534709
10,6,['videos\\sport\\tycr7_report.2010-09-30_1113CEST_R3-V0-A1-UP0-SD4.mkv'],radio,2,2023-10-23 14:42:44 993265
10,6,['videos\\sport\\tycr7_report.2010-09-30_1113CEST_R3-V0-A1-UP0-SD4.mkv'],stalling,on,2023-10-23 14:42:44 993265
10,6,['videos\\sport\\tycr7_report.2010-09-30_1113CEST_R3-V0-A1-UP0-SD4.mkv'],res_switches,on,2023-10-23 14:42:44 993265
10,6,['videos\\sport\\tycr7_report.2010-09-30_1113CEST_R3-V0-A1-UP0-SD4.mkv'],pixelization,on,2023-10-23 14:42:44 993265
10,6,['videos\\sport\\tycr7_report.2010-09-30_1113CEST_R3-V0-A1-UP0-SD4.mkv'],stop_watching,on,2023-10-23 14:42:44 993265
11,0,['videos\\animated\\penc_vodafone_IE_2019.02.26_17.47.50_R1-V0-A1-UP0-SD4.mkv'],radio,5,2023-10-23 14:51:31 078698
11,0,['videos\\animated\\penc_vodafone_IE_2019.02.26_17.47.50_R1-V0-A1-UP0-SD4.mkv'],res_switches,on,2023-10-23 14:51:31 078698
11,0,['videos\\animated\\penc_vodafone_IE_2019.02.26_17.47.50_R1-V0-A1-UP0-SD4.mkv'],stop_watching,on,2023-10-23 14:51:31 078698
11,1,['videos\\documentary\\fb35_report.2011-01-29_1800CET_R1-V0-A1-UP0-SD4.mkv'],radio,2,2023-10-23 14:56:45 731679
11,1,['videos\\documentary\\fb35_report.2011-01-29_1800CET_R1-V0-A1-UP0-SD4.mkv'],res_switches,on,2023-10-23 14:56:45 731679
11,1,['videos\\documentary\\fb35_report.2011-01-29_1800CET_R1-V0-A1-UP0-SD4.mkv'],pixelization,on,2023-10-23 14:56:45 731679
11,1,['videos\\documentary\\fb35_report.2011-01-29_1800CET_R1-V0-A1-UP0-SD4.mkv'],artifacts,on,2023-10-23 14:56:45 731679
11,1,['videos\\documentary\\fb35_report.2011-01-29_1800CET_R1-V0-A1-UP0-SD4.mkv'],stop_watching,on,2023-10-23 14:56:45 731679
11,2,['videos\\gaming\\ds_A_2017.12.11_10.00.59_R1-V0-A1-UP0-SD4.mkv'],radio,2,2023-10-23 15:00:25 111522
11,2,['videos\\gaming\\ds_A_2017.12.11_10.00.59_R1-V0-A1-UP0-SD4.mkv'],res_switches,on,2023-10-23 15:00:25 111522
11,2,['videos\\gaming\\ds_A_2017.12.11_10.00.59_R1-V0-A1-UP0-SD4.mkv'],pixelization,on,2023-10-23 15:00:25 111522
11,2,['videos\\gaming\\ds_A_2017.12.11_10.00.59_R1-V0-A1-UP0-SD4.mkv'],artifacts,on,2023-10-23 15:00:25 111522
11,3,['videos\\movie\\terminator_report.2010-09-30_1113CEST_R3-V0-A1-UP0-SD4.mkv'],radio,2,2023-10-23 15:02:04 466134
11,3,['videos\\movie\\terminator_report.2010-09-30_1113CEST_R3-V0-A1-UP0-SD4.mkv'],pixelization,on,2023-10-23 15:02:04 466134
11,3,['videos\\movie\\terminator_report.2010-09-30_1113CEST_R3-V0-A1-UP0-SD4.mkv'],stop_watching,on,2023-10-23 15:02:04 466134
11,4,['videos\\music\\lestwins_report.2011-01-29_1800CET_R1-V0-A1-UP0-SD4.mkv'],radio,2,2023-10-23 15:07:23 508569
11,4,['videos\\music\\lestwins_report.2011-01-29_1800CET_R1-V0-A1-UP0-SD4.mkv'],res_switches,on,2023-10-23 15:07:23 508569
11,4,['videos\\music\\lestwins_report.2011-01-29_1800CET_R1-V0-A1-UP0-SD4.mkv'],pixelization,on,2023-10-23 15:07:23 508569
11,4,['videos\\music\\lestwins_report.2011-01-29_1800CET_R1-V0-A1-UP0-SD4.mkv'],artifacts,on,2023-10-23 15:07:23 508569
11,4,['videos\\music\\lestwins_report.2011-01-29_1800CET_R1-V0-A1-UP0-SD4.mkv'],uniteresting_content,on,2023-10-23 15:07:23 508569
11,4,['videos\\music\\lestwins_report.2011-01-29_1800CET_R1-V0-A1-UP0-SD4.mkv'],stop_watching,on,2023-10-23 15:07:23 508569
11,5,['videos\\news\\fox_report.2011-01-29_1800CET_R1-V0-A1-UP0-SD4.mkv'],radio,3,2023-10-23 15:13:04 465530
11,5,['videos\\news\\fox_report.2011-01-29_1800CET_R1-V0-A1-UP0-SD4.mkv'],res_switches,on,2023-10-23 15:13:04 465530
11,5,['videos\\news\\fox_report.2011-01-29_1800CET_R1-V0-A1-UP0-SD4.mkv'],pixelization,on,2023-10-23 15:13:04 465530
11,5,['videos\\news\\fox_report.2011-01-29_1800CET_R1-V0-A1-UP0-SD4.mkv'],uniteresting_content,on,2023-10-23 15:13:04 465530
11,5,['videos\\news\\fox_report.2011-01-29_1800CET_R1-V0-A1-UP0-SD4.mkv'],stop_watching,on,2023-10-23 15:13:04 465530
11,6,['videos\\sport\\tycr7_vodafone_IE_2019.02.26_17.47.50_R1-V0-A1-UP0-SD4.mkv'],radio,4,2023-10-23 15:18:18 065141
11,6,['videos\\sport\\tycr7_vodafone_IE_2019.02.26_17.47.50_R1-V0-A1-UP0-SD4.mkv'],res_switches,on,2023-10-23 15:18:18 065141
11,6,['videos\\sport\\tycr7_vodafone_IE_2019.02.26_17.47.50_R1-V0-A1-UP0-SD4.mkv'],pixelization,on,2023-10-23 15:18:18 065141
12,0,['videos\\animated\\penc_report.2011-01-29_1800CET_R1-V0-A1-UP0-SD4.mkv'],radio,3,2023-10-23 16:47:19 596752
12,0,['videos\\animated\\penc_report.2011-01-29_1800CET_R1-V0-A1-UP0-SD4.mkv'],artifacts,on,2023-10-23 16:47:19 596752
12,0,['videos\\animated\\penc_report.2011-01-29_1800CET_R1-V0-A1-UP0-SD4.mkv'],uniteresting_content,on,2023-10-23 16:47:19 596752
12,0,['videos\\animated\\penc_report.2011-01-29_1800CET_R1-V0-A1-UP0-SD4.mkv'],stop_watching,on,2023-10-23 16:47:19 596752
12,1,['videos\\documentary\\fb35_vodafone_IE_2019.02.26_17.47.50_R1-V0-A1-UP0-SD4.mkv'],radio,3,2023-10-23 16:52:44 049722
12,1,['videos\\documentary\\fb35_vodafone_IE_2019.02.26_17.47.50_R1-V0-A1-UP0-SD4.mkv'],stop_watching,on,2023-10-23 16:52:44 049722
12,2,['videos\\gaming\\pocket_vodafone_IE_2019.02.26_17.47.50_R1-V0-A1-UP0-SD4.mkv'],radio,2,2023-10-23 16:53:47 525481
12,2,['videos\\gaming\\pocket_vodafone_IE_2019.02.26_17.47.50_R1-V0-A1-UP0-SD4.mkv'],res_switches,on,2023-10-23 16:53:47 525481
12,2,['videos\\gaming\\pocket_vodafone_IE_2019.02.26_17.47.50_R1-V0-A1-UP0-SD4.mkv'],uniteresting_content,on,2023-10-23 16:53:47 525481
12,2,['videos\\gaming\\pocket_vodafone_IE_2019.02.26_17.47.50_R1-V0-A1-UP0-SD4.mkv'],stop_watching,on,2023-10-23 16:53:47 525481
13,0,['videos\\animated\\penc_vodafone_IE_2019.02.26_17.47.50_R1-V0-A1-UP0-SD4.mkv'],radio,4,2023-10-23 17:10:03 492881
13,0,['videos\\animated\\penc_vodafone_IE_2019.02.26_17.47.50_R1-V0-A1-UP0-SD4.mkv'],res_switches,on,2023-10-23 17:10:03 492881
13,1,['videos\\documentary\\fb35_report.2011-01-29_1800CET_R1-V0-A1-UP0-SD4.mkv'],radio,1,2023-10-23 17:15:22 942940
13,1,['videos\\documentary\\fb35_report.2011-01-29_1800CET_R1-V0-A1-UP0-SD4.mkv'],res_switches,on,2023-10-23 17:15:22 942940
13,1,['videos\\documentary\\fb35_report.2011-01-29_1800CET_R1-V0-A1-UP0-SD4.mkv'],pixelization,on,2023-10-23 17:15:22 942940
13,1,['videos\\documentary\\fb35_report.2011-01-29_1800CET_R1-V0-A1-UP0-SD4.mkv'],uniteresting_content,on,2023-10-23 17:15:22 942940
13,1,['videos\\documentary\\fb35_report.2011-01-29_1800CET_R1-V0-A1-UP0-SD4.mkv'],stop_watching,on,2023-10-23 17:15:22 942940
13,2,['videos\\gaming\\ds_report.2011-04-21_1135CEST_R2-V0-A1-UP0-SD4.mkv'],radio,2,2023-10-23 17:19:12 037608
13,2,['videos\\gaming\\ds_report.2011-04-21_1135CEST_R2-V0-A1-UP0-SD4.mkv'],stalling,on,2023-10-23 17:19:12 037608
13,2,['videos\\gaming\\ds_report.2011-04-21_1135CEST_R2-V0-A1-UP0-SD4.mkv'],res_switches,on,2023-10-23 17:19:12 037608
13,2,['videos\\gaming\\ds_report.2011-04-21_1135CEST_R2-V0-A1-UP0-SD4.mkv'],stop_watching,on,2023-10-23 17:19:12 037608
13,3,['videos\\movie\\mrbean_vodafone_IE_2019.02.26_17.47.50_R2-V0-A1-UP0-SD4.mkv'],radio,5,2023-10-23 17:24:21 004964
13,3,['videos\\movie\\mrbean_vodafone_IE_2019.02.26_17.47.50_R2-V0-A1-UP0-SD4.mkv'],res_switches,on,2023-10-23 17:24:21 004964
13,4,['videos\\music\\lestwins_report.2011-01-29_1800CET_R1-V0-A1-UP0-SD4.mkv'],radio,3,2023-10-23 17:29:36 366271
13,4,['videos\\music\\lestwins_report.2011-01-29_1800CET_R1-V0-A1-UP0-SD4.mkv'],stalling,on,2023-10-23 17:29:36 366271
13,4,['videos\\music\\lestwins_report.2011-01-29_1800CET_R1-V0-A1-UP0-SD4.mkv'],res_switches,on,2023-10-23 17:29:36 366271
13,4,['videos\\music\\lestwins_report.2011-01-29_1800CET_R1-V0-A1-UP0-SD4.mkv'],stop_watching,on,2023-10-23 17:29:36 366271
13,5,['videos\\news\\fox_A_2017.12.11_10.00.59_R1-V0-A1-UP0-SD4.mkv'],radio,2,2023-10-23 17:35:15 702629
13,5,['videos\\news\\fox_A_2017.12.11_10.00.59_R1-V0-A1-UP0-SD4.mkv'],res_switches,on,2023-10-23 17:35:15 702629
13,5,['videos\\news\\fox_A_2017.12.11_10.00.59_R1-V0-A1-UP0-SD4.mkv'],uniteresting_content,on,2023-10-23 17:35:15 702629
13,5,['videos\\news\\fox_A_2017.12.11_10.00.59_R1-V0-A1-UP0-SD4.mkv'],stop_watching,on,2023-10-23 17:35:15 702629
13,6,['videos\\sport\\tycr7_report.2011-04-21_1135CEST_R2-V0-A1-UP0-SD4.mkv'],radio,2,2023-10-23 17:40:29 885503
13,6,['videos\\sport\\tycr7_report.2011-04-21_1135CEST_R2-V0-A1-UP0-SD4.mkv'],res_switches,on,2023-10-23 17:40:29 885503
13,6,['videos\\sport\\tycr7_report.2011-04-21_1135CEST_R2-V0-A1-UP0-SD4.mkv'],pixelization,on,2023-10-23 17:40:29 885503
14,0,['videos\\animated\\penc_vodafone_IE_2019.02.26_17.47.50_R2-V0-A1-UP0-SD4.mkv'],radio,4,2023-10-24 11:11:14 414597
14,0,['videos\\animated\\penc_vodafone_IE_2019.02.26_17.47.50_R2-V0-A1-UP0-SD4.mkv'],pixelization,on,2023-10-24 11:11:14 414597
14,1,['videos\\documentary\\spreader_report.2011-04-21_1135CEST_R2-V0-A1-UP0-SD4.mkv'],radio,2,2023-10-24 11:12:39 177851
14,1,['videos\\documentary\\spreader_report.2011-04-21_1135CEST_R2-V0-A1-UP0-SD4.mkv'],res_switches,on,2023-10-24 11:12:39 177851
14,1,['videos\\documentary\\spreader_report.2011-04-21_1135CEST_R2-V0-A1-UP0-SD4.mkv'],pixelization,on,2023-10-24 11:12:39 177851
14,2,['videos\\gaming\\ds_report.2011-01-29_1800CET_R1-V0-A1-UP0-SD4.mkv'],radio,2,2023-10-24 11:16:16 382132
14,2,['videos\\gaming\\ds_report.2011-01-29_1800CET_R1-V0-A1-UP0-SD4.mkv'],stalling,on,2023-10-24 11:16:16 382132
14,2,['videos\\gaming\\ds_report.2011-01-29_1800CET_R1-V0-A1-UP0-SD4.mkv'],pixelization,on,2023-10-24 11:16:16 382132
14,2,['videos\\gaming\\ds_report.2011-01-29_1800CET_R1-V0-A1-UP0-SD4.mkv'],artifacts,on,2023-10-24 11:16:16 382132
14,3,['videos\\movie\\terminator_report.2011-04-21_1135CEST_R2-V0-A1-UP0-SD4.mkv'],radio,2,2023-10-24 11:17:54 499969
14,3,['videos\\movie\\terminator_report.2011-04-21_1135CEST_R2-V0-A1-UP0-SD4.mkv'],pixelization,on,2023-10-24 11:17:54 499969
14,3,['videos\\movie\\terminator_report.2011-04-21_1135CEST_R2-V0-A1-UP0-SD4.mkv'],artifacts,on,2023-10-24 11:17:54 499969
14,4,['videos\\music\\lestwins_report.2011-01-29_1800CET_R1-V0-A1-UP0-SD4.mkv'],radio,2,2023-10-24 11:23:19 367298
14,4,['videos\\music\\lestwins_report.2011-01-29_1800CET_R1-V0-A1-UP0-SD4.mkv'],stalling,on,2023-10-24 11:23:19 367298
14,4,['videos\\music\\lestwins_report.2011-01-29_1800CET_R1-V0-A1-UP0-SD4.mkv'],res_switches,on,2023-10-24 11:23:19 367298
14,4,['videos\\music\\lestwins_report.2011-01-29_1800CET_R1-V0-A1-UP0-SD4.mkv'],pixelization,on,2023-10-24 11:23:19 367298
14,4,['videos\\music\\lestwins_report.2011-01-29_1800CET_R1-V0-A1-UP0-SD4.mkv'],artifacts,on,2023-10-24 11:23:19 367298
14,4,['videos\\music\\lestwins_report.2011-01-29_1800CET_R1-V0-A1-UP0-SD4.mkv'],uniteresting_content,on,2023-10-24 11:23:19 367298
14,4,['videos\\music\\lestwins_report.2011-01-29_1800CET_R1-V0-A1-UP0-SD4.mkv'],stop_watching,on,2023-10-24 11:23:19 367298
14,5,['videos\\news\\everton_vodafone_IE_2019.02.26_17.47.50_R2-V0-A1-UP0-SD4.mkv'],radio,4,2023-10-24 11:28:30 329490
14,5,['videos\\news\\everton_vodafone_IE_2019.02.26_17.47.50_R2-V0-A1-UP0-SD4.mkv'],uniteresting_content,on,2023-10-24 11:28:30 329490
14,5,['videos\\news\\everton_vodafone_IE_2019.02.26_17.47.50_R2-V0-A1-UP0-SD4.mkv'],stop_watching,on,2023-10-24 11:28:30 329490
14,6,['videos\\sport\\sopercopa_report.2011-01-29_1800CET_R1-V0-A1-UP0-SD4.mkv'],radio,4,2023-10-24 11:31:10 910192
14,6,['videos\\sport\\sopercopa_report.2011-01-29_1800CET_R1-V0-A1-UP0-SD4.mkv'],pixelization,on,2023-10-24 11:31:10 910192
15,0,['videos\\animated\\penc_A_2017.12.11_10.00.59_R1-V0-A1-UP0-SD4.mkv'],radio,3,2023-10-24 11:39:11 418803
15,0,['videos\\animated\\penc_A_2017.12.11_10.00.59_R1-V0-A1-UP0-SD4.mkv'],res_switches,on,2023-10-24 11:39:11 418803
15,0,['videos\\animated\\penc_A_2017.12.11_10.00.59_R1-V0-A1-UP0-SD4.mkv'],pixelization,on,2023-10-24 11:39:11 418803
15,0,['videos\\animated\\penc_A_2017.12.11_10.00.59_R1-V0-A1-UP0-SD4.mkv'],artifacts,on,2023-10-24 11:39:11 418803
15,1,['videos\\documentary\\fb35_vodafone_IE_2019.02.26_17.47.50_R1-V0-A1-UP0-SD4.mkv'],radio,4,2023-10-24 11:44:24 827355
15,1,['videos\\documentary\\fb35_vodafone_IE_2019.02.26_17.47.50_R1-V0-A1-UP0-SD4.mkv'],res_switches,on,2023-10-24 11:44:24 827355
15,1,['videos\\documentary\\fb35_vodafone_IE_2019.02.26_17.47.50_R1-V0-A1-UP0-SD4.mkv'],artifacts,on,2023-10-24 11:44:24 827355
15,2,['videos\\gaming\\ds_A_2017.12.11_10.00.59_R1-V0-A1-UP0-SD4.mkv'],radio,2,2023-10-24 11:48:01 963178
15,2,['videos\\gaming\\ds_A_2017.12.11_10.00.59_R1-V0-A1-UP0-SD4.mkv'],pixelization,on,2023-10-24 11:48:01 963178
15,2,['videos\\gaming\\ds_A_2017.12.11_10.00.59_R1-V0-A1-UP0-SD4.mkv'],artifacts,on,2023-10-24 11:48:01 963178
15,3,['videos\\movie\\terminator_report.2011-01-29_1800CET_R1-V0-A1-UP0-SD4.mkv'],radio,2,2023-10-24 11:49:37 521727
15,3,['videos\\movie\\terminator_report.2011-01-29_1800CET_R1-V0-A1-UP0-SD4.mkv'],stalling,on,2023-10-24 11:49:37 521727
15,3,['videos\\movie\\terminator_report.2011-01-29_1800CET_R1-V0-A1-UP0-SD4.mkv'],res_switches,on,2023-10-24 11:49:37 521727
15,3,['videos\\movie\\terminator_report.2011-01-29_1800CET_R1-V0-A1-UP0-SD4.mkv'],pixelization,on,2023-10-24 11:49:37 521727
15,4,['videos\\music\\rmoff_A_2017.12.11_10.00.59_R1-V0-A1-UP0-SD4.mkv'],radio,2,2023-10-24 11:52:44 867318
15,4,['videos\\music\\rmoff_A_2017.12.11_10.00.59_R1-V0-A1-UP0-SD4.mkv'],stalling,on,2023-10-24 11:52:44 867318
15,4,['videos\\music\\rmoff_A_2017.12.11_10.00.59_R1-V0-A1-UP0-SD4.mkv'],pixelization,on,2023-10-24 11:52:44 867318
15,4,['videos\\music\\rmoff_A_2017.12.11_10.00.59_R1-V0-A1-UP0-SD4.mkv'],artifacts,on,2023-10-24 11:52:44 867318
15,5,['videos\\news\\fox_report.2010-09-30_1113CEST_R3-V0-A1-UP0-SD4.mkv'],radio,1,2023-10-24 11:58:55 963602
15,5,['videos\\news\\fox_report.2010-09-30_1113CEST_R3-V0-A1-UP0-SD4.mkv'],stalling,on,2023-10-24 11:58:55 963602
15,5,['videos\\news\\fox_report.2010-09-30_1113CEST_R3-V0-A1-UP0-SD4.mkv'],res_switches,on,2023-10-24 11:58:55 963602
15,5,['videos\\news\\fox_report.2010-09-30_1113CEST_R3-V0-A1-UP0-SD4.mkv'],pixelization,on,2023-10-24 11:58:55 963602
15,5,['videos\\news\\fox_report.2010-09-30_1113CEST_R3-V0-A1-UP0-SD4.mkv'],artifacts,on,2023-10-24 11:58:55 963602
15,5,['videos\\news\\fox_report.2010-09-30_1113CEST_R3-V0-A1-UP0-SD4.mkv'],uniteresting_content,on,2023-10-24 11:58:55 963602
15,5,['videos\\news\\fox_report.2010-09-30_1113CEST_R3-V0-A1-UP0-SD4.mkv'],stop_watching,on,2023-10-24 11:58:55 963602
15,6,['videos\\sport\\sopercopa_report.2011-04-21_1135CEST_R2-V0-A1-UP0-SD4.mkv'],radio,2,2023-10-24 12:01:34 348013
15,6,['videos\\sport\\sopercopa_report.2011-04-21_1135CEST_R2-V0-A1-UP0-SD4.mkv'],res_switches,on,2023-10-24 12:01:34 348013
15,6,['videos\\sport\\sopercopa_report.2011-04-21_1135CEST_R2-V0-A1-UP0-SD4.mkv'],pixelization,on,2023-10-24 12:01:34 348013
16,0,['videos\\animated\\penc_A_2017.12.11_10.00.59_R1-V0-A1-UP0-SD4.mkv'],radio,3,2023-10-24 12:46:55 575621
16,1,['videos\\documentary\\spreader_vodafone_IE_2019.02.26_17.47.50_R2-V0-A1-UP0-SD4.mkv'],radio,5,2023-10-24 12:48:08 516224
16,2,['videos\\gaming\\pocket_report.2011-01-29_1800CET_R1-V0-A1-UP0-SD4.mkv'],radio,4,2023-10-24 12:49:07 986674
16,2,['videos\\gaming\\pocket_report.2011-01-29_1800CET_R1-V0-A1-UP0-SD4.mkv'],uniteresting_content,on,2023-10-24 12:49:07 986674
16,3,['videos\\movie\\mrbean_report.2010-09-30_1113CEST_R1-V0-A1-UP0-SD4.mkv'],radio,2,2023-10-24 12:54:38 419270
16,3,['videos\\movie\\mrbean_report.2010-09-30_1113CEST_R1-V0-A1-UP0-SD4.mkv'],stalling,on,2023-10-24 12:54:38 419270
16,3,['videos\\movie\\mrbean_report.2010-09-30_1113CEST_R1-V0-A1-UP0-SD4.mkv'],pixelization,on,2023-10-24 12:54:38 419270
16,4,['videos\\music\\rmoff_report.2010-09-30_1113CEST_R1-V0-A1-UP0-SD4.mkv'],radio,3,2023-10-24 12:57:47 695105
16,4,['videos\\music\\rmoff_report.2010-09-30_1113CEST_R1-V0-A1-UP0-SD4.mkv'],res_switches,on,2023-10-24 12:57:47 695105
16,4,['videos\\music\\rmoff_report.2010-09-30_1113CEST_R1-V0-A1-UP0-SD4.mkv'],artifacts,on,2023-10-24 12:57:47 695105
16,5,['videos\\news\\fox_report.2011-04-21_1135CEST_R2-V0-A1-UP0-SD4.mkv'],radio,4,2023-10-24 13:03:35 764298
16,5,['videos\\news\\fox_report.2011-04-21_1135CEST_R2-V0-A1-UP0-SD4.mkv'],res_switches,on,2023-10-24 13:03:35 764298
16,5,['videos\\news\\fox_report.2011-04-21_1135CEST_R2-V0-A1-UP0-SD4.mkv'],uniteresting_content,on,2023-10-24 13:03:35 764298
16,5,['videos\\news\\fox_report.2011-04-21_1135CEST_R2-V0-A1-UP0-SD4.mkv'],stop_watching,on,2023-10-24 13:03:35 764298
16,6,['videos\\sport\\sopercopa_vodafone_IE_2019.02.26_17.47.50_R2-V0-A1-UP0-SD4.mkv'],radio,5,2023-10-24 13:06:12 987234
17,0,['videos\\animated\\penc_report.2010-09-30_1113CEST_R1-V0-A1-UP0-SD4.mkv'],radio,3,2023-10-24 14:40:31 270810
17,0,['videos\\animated\\penc_report.2010-09-30_1113CEST_R1-V0-A1-UP0-SD4.mkv'],res_switches,on,2023-10-24 14:40:31 270810
17,0,['videos\\animated\\penc_report.2010-09-30_1113CEST_R1-V0-A1-UP0-SD4.mkv'],pixelization,on,2023-10-24 14:40:31 270810
17,0,['videos\\animated\\penc_report.2010-09-30_1113CEST_R1-V0-A1-UP0-SD4.mkv'],uniteresting_content,on,2023-10-24 14:40:31 270810
17,0,['videos\\animated\\penc_report.2010-09-30_1113CEST_R1-V0-A1-UP0-SD4.mkv'],stop_watching,on,2023-10-24 14:40:31 270810
17,1,['videos\\documentary\\spreader_vodafone_IE_2019.02.26_17.47.50_R1-V0-A1-UP0-SD4.mkv'],radio,4,2023-10-24 14:42:09 521154
17,1,['videos\\documentary\\spreader_vodafone_IE_2019.02.26_17.47.50_R1-V0-A1-UP0-SD4.mkv'],res_switches,on,2023-10-24 14:42:09 521154
17,1,['videos\\documentary\\spreader_vodafone_IE_2019.02.26_17.47.50_R1-V0-A1-UP0-SD4.mkv'],pixelization,on,2023-10-24 14:42:09 521154
17,1,['videos\\documentary\\spreader_vodafone_IE_2019.02.26_17.47.50_R1-V0-A1-UP0-SD4.mkv'],stop_watching,on,2023-10-24 14:42:09 521154
17,2,['videos\\gaming\\pocket_report.2011-04-21_1135CEST_R2-V0-A1-UP0-SD4.mkv'],radio,2,2023-10-24 14:43:09 670644
17,2,['videos\\gaming\\pocket_report.2011-04-21_1135CEST_R2-V0-A1-UP0-SD4.mkv'],res_switches,on,2023-10-24 14:43:09 670644
17,2,['videos\\gaming\\pocket_report.2011-04-21_1135CEST_R2-V0-A1-UP0-SD4.mkv'],pixelization,on,2023-10-24 14:43:09 670644
17,2,['videos\\gaming\\pocket_report.2011-04-21_1135CEST_R2-V0-A1-UP0-SD4.mkv'],uniteresting_content,on,2023-10-24 14:43:09 670644
17,2,['videos\\gaming\\pocket_report.2011-04-21_1135CEST_R2-V0-A1-UP0-SD4.mkv'],stop_watching,on,2023-10-24 14:43:09 670644
17,3,['videos\\movie\\terminator_vodafone_IE_2019.02.26_17.47.50_R2-V0-A1-UP0-SD4.mkv'],radio,3,2023-10-24 14:44:42 183123
17,3,['videos\\movie\\terminator_vodafone_IE_2019.02.26_17.47.50_R2-V0-A1-UP0-SD4.mkv'],res_switches,on,2023-10-24 14:44:42 183123
17,3,['videos\\movie\\terminator_vodafone_IE_2019.02.26_17.47.50_R2-V0-A1-UP0-SD4.mkv'],pixelization,on,2023-10-24 14:44:42 183123
17,3,['videos\\movie\\terminator_vodafone_IE_2019.02.26_17.47.50_R2-V0-A1-UP0-SD4.mkv'],stop_watching,on,2023-10-24 14:44:42 183123
17,4,['videos\\music\\rmoff_report.2010-09-30_1113CEST_R3-V0-A1-UP0-SD4.mkv'],radio,4,2023-10-24 14:47:52 479643
17,4,['videos\\music\\rmoff_report.2010-09-30_1113CEST_R3-V0-A1-UP0-SD4.mkv'],res_switches,on,2023-10-24 14:47:52 479643
17,4,['videos\\music\\rmoff_report.2010-09-30_1113CEST_R3-V0-A1-UP0-SD4.mkv'],pixelization,on,2023-10-24 14:47:52 479643
17,4,['videos\\music\\rmoff_report.2010-09-30_1113CEST_R3-V0-A1-UP0-SD4.mkv'],stop_watching,on,2023-10-24 14:47:52 479643
17,5,['videos\\news\\everton_report.2010-09-30_1113CEST_R1-V0-A1-UP0-SD4.mkv'],radio,3,2023-10-24 14:53:10 207893
17,5,['videos\\news\\everton_report.2010-09-30_1113CEST_R1-V0-A1-UP0-SD4.mkv'],pixelization,on,2023-10-24 14:53:10 207893
17,5,['videos\\news\\everton_report.2010-09-30_1113CEST_R1-V0-A1-UP0-SD4.mkv'],uniteresting_content,on,2023-10-24 14:53:10 207893
17,5,['videos\\news\\everton_report.2010-09-30_1113CEST_R1-V0-A1-UP0-SD4.mkv'],stop_watching,on,2023-10-24 14:53:10 207893
17,6,['videos\\sport\\tycr7_report.2010-09-30_1113CEST_R3-V0-A1-UP0-SD4.mkv'],radio,1,2023-10-24 14:58:29 559760
17,6,['videos\\sport\\tycr7_report.2010-09-30_1113CEST_R3-V0-A1-UP0-SD4.mkv'],stalling,on,2023-10-24 14:58:29 559760
17,6,['videos\\sport\\tycr7_report.2010-09-30_1113CEST_R3-V0-A1-UP0-SD4.mkv'],res_switches,on,2023-10-24 14:58:29 559760
17,6,['videos\\sport\\tycr7_report.2010-09-30_1113CEST_R3-V0-A1-UP0-SD4.mkv'],pixelization,on,2023-10-24 14:58:29 559760
17,6,['videos\\sport\\tycr7_report.2010-09-30_1113CEST_R3-V0-A1-UP0-SD4.mkv'],artifacts,on,2023-10-24 14:58:29 559760
17,6,['videos\\sport\\tycr7_report.2010-09-30_1113CEST_R3-V0-A1-UP0-SD4.mkv'],stop_watching,on,2023-10-24 14:58:29 559760
18,0,['videos\\animated\\penc_report.2010-09-30_1113CEST_R1-V0-A1-UP0-SD4.mkv'],radio,3,2023-10-25 14:04:40 342279
18,0,['videos\\animated\\penc_report.2010-09-30_1113CEST_R1-V0-A1-UP0-SD4.mkv'],stalling,on,2023-10-25 14:04:40 342279
18,0,['videos\\animated\\penc_report.2010-09-30_1113CEST_R1-V0-A1-UP0-SD4.mkv'],res_switches,on,2023-10-25 14:04:40 342279
18,0,['videos\\animated\\penc_report.2010-09-30_1113CEST_R1-V0-A1-UP0-SD4.mkv'],pixelization,on,2023-10-25 14:04:40 342279
18,1,['videos\\documentary\\fb35_report.2011-01-29_1800CET_R1-V0-A1-UP0-SD4.mkv'],radio,4,2023-10-25 14:10:02 087900
18,1,['videos\\documentary\\fb35_report.2011-01-29_1800CET_R1-V0-A1-UP0-SD4.mkv'],res_switches,on,2023-10-25 14:10:02 087900
18,1,['videos\\documentary\\fb35_report.2011-01-29_1800CET_R1-V0-A1-UP0-SD4.mkv'],pixelization,on,2023-10-25 14:10:02 087900
18,2,['videos\\gaming\\pocket_vodafone_IE_2019.02.26_17.47.50_R2-V0-A1-UP0-SD4.mkv'],radio,4,2023-10-25 14:11:02 912574
18,2,['videos\\gaming\\pocket_vodafone_IE_2019.02.26_17.47.50_R2-V0-A1-UP0-SD4.mkv'],res_switches,on,2023-10-25 14:11:02 912574
18,3,['videos\\movie\\mrbean_report.2010-09-30_1113CEST_R1-V0-A1-UP0-SD4.mkv'],radio,2,2023-10-25 14:16:42 821626
18,3,['videos\\movie\\mrbean_report.2010-09-30_1113CEST_R1-V0-A1-UP0-SD4.mkv'],stalling,on,2023-10-25 14:16:42 821626
18,3,['videos\\movie\\mrbean_report.2010-09-30_1113CEST_R1-V0-A1-UP0-SD4.mkv'],res_switches,on,2023-10-25 14:16:42 821626
18,3,['videos\\movie\\mrbean_report.2010-09-30_1113CEST_R1-V0-A1-UP0-SD4.mkv'],pixelization,on,2023-10-25 14:16:42 821626
18,3,['videos\\movie\\mrbean_report.2010-09-30_1113CEST_R1-V0-A1-UP0-SD4.mkv'],stop_watching,on,2023-10-25 14:16:42 821626
18,4,['videos\\music\\lestwins_report.2011-01-29_1800CET_R1-V0-A1-UP0-SD4.mkv'],radio,4,2023-10-25 14:22:00 382340
18,4,['videos\\music\\lestwins_report.2011-01-29_1800CET_R1-V0-A1-UP0-SD4.mkv'],pixelization,on,2023-10-25 14:22:00 382340
18,5,['videos\\news\\fox_report.2010-09-30_1113CEST_R3-V0-A1-UP0-SD4.mkv'],radio,3,2023-10-25 14:28:06 941922
18,5,['videos\\news\\fox_report.2010-09-30_1113CEST_R3-V0-A1-UP0-SD4.mkv'],stalling,on,2023-10-25 14:28:06 941922
18,5,['videos\\news\\fox_report.2010-09-30_1113CEST_R3-V0-A1-UP0-SD4.mkv'],res_switches,on,2023-10-25 14:28:06 941922
18,5,['videos\\news\\fox_report.2010-09-30_1113CEST_R3-V0-A1-UP0-SD4.mkv'],pixelization,on,2023-10-25 14:28:06 941922
18,5,['videos\\news\\fox_report.2010-09-30_1113CEST_R3-V0-A1-UP0-SD4.mkv'],artifacts,on,2023-10-25 14:28:06 941922
18,5,['videos\\news\\fox_report.2010-09-30_1113CEST_R3-V0-A1-UP0-SD4.mkv'],stop_watching,on,2023-10-25 14:28:06 941922
18,6,['videos\\sport\\tycr7_report.2010-09-30_1113CEST_R1-V0-A1-UP0-SD4.mkv'],radio,2,2023-10-25 14:33:25 044853
18,6,['videos\\sport\\tycr7_report.2010-09-30_1113CEST_R1-V0-A1-UP0-SD4.mkv'],res_switches,on,2023-10-25 14:33:25 044853
18,6,['videos\\sport\\tycr7_report.2010-09-30_1113CEST_R1-V0-A1-UP0-SD4.mkv'],pixelization,on,2023-10-25 14:33:25 044853
18,6,['videos\\sport\\tycr7_report.2010-09-30_1113CEST_R1-V0-A1-UP0-SD4.mkv'],artifacts,on,2023-10-25 14:33:25 044853
19,0,['videos\\animated\\penc_report.2011-01-29_1800CET_R1-V0-A1-UP0-SD4.mkv'],radio,4,2023-10-25 15:13:58 846681
19,0,['videos\\animated\\penc_report.2011-01-29_1800CET_R1-V0-A1-UP0-SD4.mkv'],artifacts,on,2023-10-25 15:13:58 846681
19,1,['videos\\documentary\\fb35_A_2017.12.11_10.00.59_R1-V0-A1-UP0-SD4.mkv'],radio,4,2023-10-25 15:19:13 718367
19,1,['videos\\documentary\\fb35_A_2017.12.11_10.00.59_R1-V0-A1-UP0-SD4.mkv'],stalling,on,2023-10-25 15:19:13 718367
19,1,['videos\\documentary\\fb35_A_2017.12.11_10.00.59_R1-V0-A1-UP0-SD4.mkv'],artifacts,on,2023-10-25 15:19:13 718367
19,2,['videos\\gaming\\ds_report.2010-09-30_1113CEST_R3-V0-A1-UP0-SD4.mkv'],radio,4,2023-10-25 15:23:01 886374
19,2,['videos\\gaming\\ds_report.2010-09-30_1113CEST_R3-V0-A1-UP0-SD4.mkv'],pixelization,on,2023-10-25 15:23:01 886374
19,3,['videos\\movie\\terminator_report.2011-04-21_1135CEST_R2-V0-A1-UP0-SD4.mkv'],radio,3,2023-10-25 15:24:35 166807
19,3,['videos\\movie\\terminator_report.2011-04-21_1135CEST_R2-V0-A1-UP0-SD4.mkv'],pixelization,on,2023-10-25 15:24:35 166807
19,4,['videos\\music\\lestwins_report.2011-04-21_1135CEST_R2-V0-A1-UP0-SD4.mkv'],radio,3,2023-10-25 15:29:45 743189
19,4,['videos\\music\\lestwins_report.2011-04-21_1135CEST_R2-V0-A1-UP0-SD4.mkv'],uniteresting_content,on,2023-10-25 15:29:45 743189
19,4,['videos\\music\\lestwins_report.2011-04-21_1135CEST_R2-V0-A1-UP0-SD4.mkv'],stop_watching,on,2023-10-25 15:29:45 743189
19,5,['videos\\news\\fox_vodafone_IE_2019.02.26_17.47.50_R2-V0-A1-UP0-SD4.mkv'],radio,4,2023-10-25 15:35:52 391031
19,6,['videos\\sport\\sopercopa_report.2010-09-30_1113CEST_R1-V0-A1-UP0-SD4.mkv'],radio,3,2023-10-25 15:38:30 989828
19,6,['videos\\sport\\sopercopa_report.2010-09-30_1113CEST_R1-V0-A1-UP0-SD4.mkv'],res_switches,on,2023-10-25 15:38:30 989828
19,6,['videos\\sport\\sopercopa_report.2010-09-30_1113CEST_R1-V0-A1-UP0-SD4.mkv'],uniteresting_content,on,2023-10-25 15:38:30 989828
19,6,['videos\\sport\\sopercopa_report.2010-09-30_1113CEST_R1-V0-A1-UP0-SD4.mkv'],stop_watching,on,2023-10-25 15:38:30 989828
20,0,['videos\\animated\\titans_vodafone_IE_2019.02.26_17.47.50_R1-V0-A1-UP0-SD4.mkv'],radio,4,2023-10-26 12:12:17 853636
20,0,['videos\\animated\\titans_vodafone_IE_2019.02.26_17.47.50_R1-V0-A1-UP0-SD4.mkv'],pixelization,on,2023-10-26 12:12:17 853636
20,1,['videos\\documentary\\spreader_A_2017.12.11_10.00.59_R1-V0-A1-UP0-SD4.mkv'],radio,2,2023-10-26 12:13:31 750339
20,1,['videos\\documentary\\spreader_A_2017.12.11_10.00.59_R1-V0-A1-UP0-SD4.mkv'],stalling,on,2023-10-26 12:13:31 750339
20,1,['videos\\documentary\\spreader_A_2017.12.11_10.00.59_R1-V0-A1-UP0-SD4.mkv'],res_switches,on,2023-10-26 12:13:31 750339
20,1,['videos\\documentary\\spreader_A_2017.12.11_10.00.59_R1-V0-A1-UP0-SD4.mkv'],pixelization,on,2023-10-26 12:13:31 750339
20,2,['videos\\gaming\\pocket_vodafone_IE_2019.02.26_17.47.50_R2-V0-A1-UP0-SD4.mkv'],radio,4,2023-10-26 12:14:46 959641
20,2,['videos\\gaming\\pocket_vodafone_IE_2019.02.26_17.47.50_R2-V0-A1-UP0-SD4.mkv'],res_switches,on,2023-10-26 12:14:46 959641
20,3,['videos\\movie\\mrbean_report.2010-09-30_1113CEST_R3-V0-A1-UP0-SD4.mkv'],radio,2,2023-10-26 12:20:24 761216
20,3,['videos\\movie\\mrbean_report.2010-09-30_1113CEST_R3-V0-A1-UP0-SD4.mkv'],stalling,on,2023-10-26 12:20:24 761216
20,3,['videos\\movie\\mrbean_report.2010-09-30_1113CEST_R3-V0-A1-UP0-SD4.mkv'],res_switches,on,2023-10-26 12:20:24 761216
20,3,['videos\\movie\\mrbean_report.2010-09-30_1113CEST_R3-V0-A1-UP0-SD4.mkv'],pixelization,on,2023-10-26 12:20:24 761216
20,3,['videos\\movie\\mrbean_report.2010-09-30_1113CEST_R3-V0-A1-UP0-SD4.mkv'],artifacts,on,2023-10-26 12:20:24 761216
20,3,['videos\\movie\\mrbean_report.2010-09-30_1113CEST_R3-V0-A1-UP0-SD4.mkv'],stop_watching,on,2023-10-26 12:20:24 761216
20,4,['videos\\music\\rmoff_A_2017.12.11_10.00.59_R1-V0-A1-UP0-SD4.mkv'],radio,2,2023-10-26 12:23:41 225287
20,4,['videos\\music\\rmoff_A_2017.12.11_10.00.59_R1-V0-A1-UP0-SD4.mkv'],pixelization,on,2023-10-26 12:23:41 225287
20,5,['videos\\news\\fox_A_2017.12.11_10.00.59_R1-V0-A1-UP0-SD4.mkv'],radio,4,2023-10-26 12:29:25 216815
20,6,['videos\\sport\\sopercopa_A_2017.12.11_10.00.59_R1-V0-A1-UP0-SD4.mkv'],radio,2,2023-10-26 12:32:10 695826
20,6,['videos\\sport\\sopercopa_A_2017.12.11_10.00.59_R1-V0-A1-UP0-SD4.mkv'],res_switches,on,2023-10-26 12:32:10 695826
20,6,['videos\\sport\\sopercopa_A_2017.12.11_10.00.59_R1-V0-A1-UP0-SD4.mkv'],pixelization,on,2023-10-26 12:32:10 695826
21,0,['videos\\animated\\penc_report.2010-09-30_1113CEST_R1-V0-A1-UP0-SD4.mkv'],radio,3,2023-10-26 14:15:35 957877
21,0,['videos\\animated\\penc_report.2010-09-30_1113CEST_R1-V0-A1-UP0-SD4.mkv'],uniteresting_content,on,2023-10-26 14:15:35 957877
21,0,['videos\\animated\\penc_report.2010-09-30_1113CEST_R1-V0-A1-UP0-SD4.mkv'],stop_watching,on,2023-10-26 14:15:35 957877
21,1,['videos\\documentary\\fb35_A_2017.12.11_10.00.59_R1-V0-A1-UP0-SD4.mkv'],radio,2,2023-10-26 14:20:57 911693
21,1,['videos\\documentary\\fb35_A_2017.12.11_10.00.59_R1-V0-A1-UP0-SD4.mkv'],stalling,on,2023-10-26 14:20:57 911693
21,1,['videos\\documentary\\fb35_A_2017.12.11_10.00.59_R1-V0-A1-UP0-SD4.mkv'],uniteresting_content,on,2023-10-26 14:20:57 911693
21,1,['videos\\documentary\\fb35_A_2017.12.11_10.00.59_R1-V0-A1-UP0-SD4.mkv'],stop_watching,on,2023-10-26 14:20:57 911693
21,2,['videos\\gaming\\pocket_vodafone_IE_2019.02.26_17.47.50_R2-V0-A1-UP0-SD4.mkv'],radio,5,2023-10-26 14:22:04 268829
21,2,['videos\\gaming\\pocket_vodafone_IE_2019.02.26_17.47.50_R2-V0-A1-UP0-SD4.mkv'],uniteresting_content,on,2023-10-26 14:22:04 268829
21,2,['videos\\gaming\\pocket_vodafone_IE_2019.02.26_17.47.50_R2-V0-A1-UP0-SD4.mkv'],stop_watching,on,2023-10-26 14:22:04 268829
21,3,['videos\\movie\\mrbean_A_2017.12.11_10.00.59_R1-V0-A1-UP0-SD4.mkv'],radio,3,2023-10-26 14:27:21 997991
21,3,['videos\\movie\\mrbean_A_2017.12.11_10.00.59_R1-V0-A1-UP0-SD4.mkv'],stalling,on,2023-10-26 14:27:21 997991
21,3,['videos\\movie\\mrbean_A_2017.12.11_10.00.59_R1-V0-A1-UP0-SD4.mkv'],pixelization,on,2023-10-26 14:27:21 997991
21,4,['videos\\music\\rmoff_vodafone_IE_2019.02.26_17.47.50_R1-V0-A1-UP0-SD4.mkv'],radio,4,2023-10-26 14:30:29 908428
21,4,['videos\\music\\rmoff_vodafone_IE_2019.02.26_17.47.50_R1-V0-A1-UP0-SD4.mkv'],pixelization,on,2023-10-26 14:30:29 908428
21,5,['videos\\news\\everton_vodafone_IE_2019.02.26_17.47.50_R2-V0-A1-UP0-SD4.mkv'],radio,5,2023-10-26 14:35:39 166597
21,5,['videos\\news\\everton_vodafone_IE_2019.02.26_17.47.50_R2-V0-A1-UP0-SD4.mkv'],stop_watching,on,2023-10-26 14:35:39 166597
21,6,['videos\\sport\\tycr7_A_2017.12.11_10.00.59_R1-V0-A1-UP0-SD4.mkv'],radio,3,2023-10-26 14:40:55 623938
21,6,['videos\\sport\\tycr7_A_2017.12.11_10.00.59_R1-V0-A1-UP0-SD4.mkv'],res_switches,on,2023-10-26 14:40:55 623938
21,6,['videos\\sport\\tycr7_A_2017.12.11_10.00.59_R1-V0-A1-UP0-SD4.mkv'],pixelization,on,2023-10-26 14:40:55 623938
21,6,['videos\\sport\\tycr7_A_2017.12.11_10.00.59_R1-V0-A1-UP0-SD4.mkv'],stop_watching,on,2023-10-26 14:40:55 623938
22,0,['videos\\animated\\titans_vodafone_IE_2019.02.26_17.47.50_R2-V0-A1-UP0-SD4.mkv'],radio,4,2023-10-27 11:38:07 979683
22,0,['videos\\animated\\titans_vodafone_IE_2019.02.26_17.47.50_R2-V0-A1-UP0-SD4.mkv'],res_switches,on,2023-10-27 11:38:07 979683
22,0,['videos\\animated\\titans_vodafone_IE_2019.02.26_17.47.50_R2-V0-A1-UP0-SD4.mkv'],artifacts,on,2023-10-27 11:38:07 979683
22,1,['videos\\documentary\\spreader_report.2010-09-30_1113CEST_R1-V0-A1-UP0-SD4.mkv'],radio,3,2023-10-27 11:39:30 435069
22,1,['videos\\documentary\\spreader_report.2010-09-30_1113CEST_R1-V0-A1-UP0-SD4.mkv'],res_switches,on,2023-10-27 11:39:30 435069
22,1,['videos\\documentary\\spreader_report.2010-09-30_1113CEST_R1-V0-A1-UP0-SD4.mkv'],pixelization,on,2023-10-27 11:39:30 435069
22,1,['videos\\documentary\\spreader_report.2010-09-30_1113CEST_R1-V0-A1-UP0-SD4.mkv'],stop_watching,on,2023-10-27 11:39:30 435069
22,2,['videos\\gaming\\pocket_report.2010-09-30_1113CEST_R1-V0-A1-UP0-SD4.mkv'],radio,3,2023-10-27 11:40:40 794795
22,2,['videos\\gaming\\pocket_report.2010-09-30_1113CEST_R1-V0-A1-UP0-SD4.mkv'],res_switches,on,2023-10-27 11:40:40 794795
22,3,['videos\\movie\\mrbean_report.2011-04-21_1135CEST_R2-V0-A1-UP0-SD4.mkv'],radio,2,2023-10-27 11:46:02 213669
22,3,['videos\\movie\\mrbean_report.2011-04-21_1135CEST_R2-V0-A1-UP0-SD4.mkv'],res_switches,on,2023-10-27 11:46:02 213669
22,3,['videos\\movie\\mrbean_report.2011-04-21_1135CEST_R2-V0-A1-UP0-SD4.mkv'],pixelization,on,2023-10-27 11:46:02 213669
22,3,['videos\\movie\\mrbean_report.2011-04-21_1135CEST_R2-V0-A1-UP0-SD4.mkv'],artifacts,on,2023-10-27 11:46:02 213669
22,4,['videos\\music\\rmoff_report.2010-09-30_1113CEST_R3-V0-A1-UP0-SD4.mkv'],radio,2,2023-10-27 11:49:21 373948
22,4,['videos\\music\\rmoff_report.2010-09-30_1113CEST_R3-V0-A1-UP0-SD4.mkv'],res_switches,on,2023-10-27 11:49:21 373948
22,4,['videos\\music\\rmoff_report.2010-09-30_1113CEST_R3-V0-A1-UP0-SD4.mkv'],pixelization,on,2023-10-27 11:49:21 373948
22,4,['videos\\music\\rmoff_report.2010-09-30_1113CEST_R3-V0-A1-UP0-SD4.mkv'],artifacts,on,2023-10-27 11:49:21 373948
22,4,['videos\\music\\rmoff_report.2010-09-30_1113CEST_R3-V0-A1-UP0-SD4.mkv'],uniteresting_content,on,2023-10-27 11:49:21 373948
22,4,['videos\\music\\rmoff_report.2010-09-30_1113CEST_R3-V0-A1-UP0-SD4.mkv'],stop_watching,on,2023-10-27 11:49:21 373948
22,5,['videos\\news\\everton_vodafone_IE_2019.02.26_17.47.50_R1-V0-A1-UP0-SD4.mkv'],radio,4,2023-10-27 11:54:37 036699
22,5,['videos\\news\\everton_vodafone_IE_2019.02.26_17.47.50_R1-V0-A1-UP0-SD4.mkv'],res_switches,on,2023-10-27 11:54:37 036699
22,6,['videos\\sport\\tycr7_report.2011-04-21_1135CEST_R2-V0-A1-UP0-SD4.mkv'],radio,2,2023-10-27 11:59:57 033005
22,6,['videos\\sport\\tycr7_report.2011-04-21_1135CEST_R2-V0-A1-UP0-SD4.mkv'],res_switches,on,2023-10-27 11:59:57 033005
22,6,['videos\\sport\\tycr7_report.2011-04-21_1135CEST_R2-V0-A1-UP0-SD4.mkv'],pixelization,on,2023-10-27 11:59:57 033005
23,0,['videos\\animated\\penc_vodafone_IE_2019.02.26_17.47.50_R2-V0-A1-UP0-SD4.mkv'],radio,5,2023-10-30 13:58:03 031265
23,1,['videos\\documentary\\spreader_report.2011-04-21_1135CEST_R2-V0-A1-UP0-SD4.mkv'],radio,2,2023-10-30 13:59:13 944184
23,1,['videos\\documentary\\spreader_report.2011-04-21_1135CEST_R2-V0-A1-UP0-SD4.mkv'],res_switches,on,2023-10-30 13:59:13 944184
23,1,['videos\\documentary\\spreader_report.2011-04-21_1135CEST_R2-V0-A1-UP0-SD4.mkv'],artifacts,on,2023-10-30 13:59:13 944184
23,1,['videos\\documentary\\spreader_report.2011-04-21_1135CEST_R2-V0-A1-UP0-SD4.mkv'],uniteresting_content,on,2023-10-30 13:59:13 944184
23,1,['videos\\documentary\\spreader_report.2011-04-21_1135CEST_R2-V0-A1-UP0-SD4.mkv'],stop_watching,on,2023-10-30 13:59:13 944184
23,2,['videos\\gaming\\pocket_A_2017.12.11_10.00.59_R1-V0-A1-UP0-SD4.mkv'],radio,4,2023-10-30 14:00:16 706291
23,2,['videos\\gaming\\pocket_A_2017.12.11_10.00.59_R1-V0-A1-UP0-SD4.mkv'],res_switches,on,2023-10-30 14:00:16 706291
23,3,['videos\\movie\\mrbean_A_2017.12.11_10.00.59_R1-V0-A1-UP0-SD4.mkv'],radio,2,2023-10-30 14:05:28 232157
23,3,['videos\\movie\\mrbean_A_2017.12.11_10.00.59_R1-V0-A1-UP0-SD4.mkv'],stalling,on,2023-10-30 14:05:28 232157
23,3,['videos\\movie\\mrbean_A_2017.12.11_10.00.59_R1-V0-A1-UP0-SD4.mkv'],artifacts,on,2023-10-30 14:05:28 232157
23,3,['videos\\movie\\mrbean_A_2017.12.11_10.00.59_R1-V0-A1-UP0-SD4.mkv'],uniteresting_content,on,2023-10-30 14:05:28 232157
23,3,['videos\\movie\\mrbean_A_2017.12.11_10.00.59_R1-V0-A1-UP0-SD4.mkv'],stop_watching,on,2023-10-30 14:05:28 232157
23,4,['videos\\music\\rmoff_report.2010-09-30_1113CEST_R3-V0-A1-UP0-SD4.mkv'],radio,4,2023-10-30 14:08:34 015067
23,4,['videos\\music\\rmoff_report.2010-09-30_1113CEST_R3-V0-A1-UP0-SD4.mkv'],res_switches,on,2023-10-30 14:08:34 015067
23,4,['videos\\music\\rmoff_report.2010-09-30_1113CEST_R3-V0-A1-UP0-SD4.mkv'],artifacts,on,2023-10-30 14:08:34 015067
23,5,['videos\\news\\fox_vodafone_IE_2019.02.26_17.47.50_R2-V0-A1-UP0-SD4.mkv'],radio,3,2023-10-30 14:14:11 483538
23,5,['videos\\news\\fox_vodafone_IE_2019.02.26_17.47.50_R2-V0-A1-UP0-SD4.mkv'],res_switches,on,2023-10-30 14:14:11 483538
23,5,['videos\\news\\fox_vodafone_IE_2019.02.26_17.47.50_R2-V0-A1-UP0-SD4.mkv'],pixelization,on,2023-10-30 14:14:11 483538
23,5,['videos\\news\\fox_vodafone_IE_2019.02.26_17.47.50_R2-V0-A1-UP0-SD4.mkv'],uniteresting_content,on,2023-10-30 14:14:11 483538
23,5,['videos\\news\\fox_vodafone_IE_2019.02.26_17.47.50_R2-V0-A1-UP0-SD4.mkv'],stop_watching,on,2023-10-30 14:14:11 483538
23,6,['videos\\sport\\tycr7_report.2011-04-21_1135CEST_R2-V0-A1-UP0-SD4.mkv'],radio,4,2023-10-30 14:19:19 814496
23,6,['videos\\sport\\tycr7_report.2011-04-21_1135CEST_R2-V0-A1-UP0-SD4.mkv'],res_switches,on,2023-10-30 14:19:19 814496
23,6,['videos\\sport\\tycr7_report.2011-04-21_1135CEST_R2-V0-A1-UP0-SD4.mkv'],artifacts,on,2023-10-30 14:19:19 814496
24,0,['videos\\animated\\penc_report.2010-09-30_1113CEST_R3-V0-A1-UP0-SD4.mkv'],radio,3,2023-10-30 14:33:40 652224
24,0,['videos\\animated\\penc_report.2010-09-30_1113CEST_R3-V0-A1-UP0-SD4.mkv'],stalling,on,2023-10-30 14:33:40 652224
24,0,['videos\\animated\\penc_report.2010-09-30_1113CEST_R3-V0-A1-UP0-SD4.mkv'],res_switches,on,2023-10-30 14:33:40 652224
24,1,['videos\\documentary\\fb35_A_2017.12.11_10.00.59_R1-V0-A1-UP0-SD4.mkv'],radio,2,2023-10-30 14:39:36 942967
24,1,['videos\\documentary\\fb35_A_2017.12.11_10.00.59_R1-V0-A1-UP0-SD4.mkv'],stalling,on,2023-10-30 14:39:36 942967
24,1,['videos\\documentary\\fb35_A_2017.12.11_10.00.59_R1-V0-A1-UP0-SD4.mkv'],res_switches,on,2023-10-30 14:39:36 942967
24,1,['videos\\documentary\\fb35_A_2017.12.11_10.00.59_R1-V0-A1-UP0-SD4.mkv'],artifacts,on,2023-10-30 14:39:36 942967
24,1,['videos\\documentary\\fb35_A_2017.12.11_10.00.59_R1-V0-A1-UP0-SD4.mkv'],stop_watching,on,2023-10-30 14:39:36 942967
24,2,['videos\\gaming\\ds_vodafone_IE_2019.02.26_17.47.50_R2-V0-A1-UP0-SD4.mkv'],radio,4,2023-10-30 14:43:38 036386
24,2,['videos\\gaming\\ds_vodafone_IE_2019.02.26_17.47.50_R2-V0-A1-UP0-SD4.mkv'],res_switches,on,2023-10-30 14:43:38 036386
24,3,['videos\\movie\\mrbean_vodafone_IE_2019.02.26_17.47.50_R2-V0-A1-UP0-SD4.mkv'],radio,4,2023-10-30 14:48:54 130516
24,3,['videos\\movie\\mrbean_vodafone_IE_2019.02.26_17.47.50_R2-V0-A1-UP0-SD4.mkv'],stalling,on,2023-10-30 14:48:54 130516
24,4,['videos\\music\\lestwins_report.2010-09-30_1113CEST_R1-V0-A1-UP0-SD4.mkv'],radio,1,2023-10-30 14:54:38 893373
24,4,['videos\\music\\lestwins_report.2010-09-30_1113CEST_R1-V0-A1-UP0-SD4.mkv'],stalling,on,2023-10-30 14:54:38 893373
24,4,['videos\\music\\lestwins_report.2010-09-30_1113CEST_R1-V0-A1-UP0-SD4.mkv'],res_switches,on,2023-10-30 14:54:38 893373
24,4,['videos\\music\\lestwins_report.2010-09-30_1113CEST_R1-V0-A1-UP0-SD4.mkv'],artifacts,on,2023-10-30 14:54:38 893373
24,4,['videos\\music\\lestwins_report.2010-09-30_1113CEST_R1-V0-A1-UP0-SD4.mkv'],stop_watching,on,2023-10-30 14:54:38 893373
24,5,['videos\\news\\fox_vodafone_IE_2019.02.26_17.47.50_R1-V0-A1-UP0-SD4.mkv'],radio,3,2023-10-30 15:00:31 403670
24,5,['videos\\news\\fox_vodafone_IE_2019.02.26_17.47.50_R1-V0-A1-UP0-SD4.mkv'],res_switches,on,2023-10-30 15:00:31 403670
24,5,['videos\\news\\fox_vodafone_IE_2019.02.26_17.47.50_R1-V0-A1-UP0-SD4.mkv'],uniteresting_content,on,2023-10-30 15:00:31 403670
24,5,['videos\\news\\fox_vodafone_IE_2019.02.26_17.47.50_R1-V0-A1-UP0-SD4.mkv'],stop_watching,on,2023-10-30 15:00:31 403670
24,6,['videos\\sport\\sopercopa_report.2010-09-30_1113CEST_R1-V0-A1-UP0-SD4.mkv'],radio,5,2023-10-30 15:03:26 338656
24,6,['videos\\sport\\sopercopa_report.2010-09-30_1113CEST_R1-V0-A1-UP0-SD4.mkv'],res_switches,on,2023-10-30 15:03:26 338656
25,0,['videos\\animated\\titans_report.2010-09-30_1113CEST_R3-V0-A1-UP0-SD4.mkv'],radio,4,2023-10-30 15:45:37 796006
25,0,['videos\\animated\\titans_report.2010-09-30_1113CEST_R3-V0-A1-UP0-SD4.mkv'],artifacts,on,2023-10-30 15:45:37 796006
25,1,['videos\\documentary\\fb35_report.2010-09-30_1113CEST_R1-V0-A1-UP0-SD4.mkv'],radio,2,2023-10-30 15:50:59 386125
25,1,['videos\\documentary\\fb35_report.2010-09-30_1113CEST_R1-V0-A1-UP0-SD4.mkv'],stalling,on,2023-10-30 15:50:59 386125
25,1,['videos\\documentary\\fb35_report.2010-09-30_1113CEST_R1-V0-A1-UP0-SD4.mkv'],pixelization,on,2023-10-30 15:50:59 386125
25,1,['videos\\documentary\\fb35_report.2010-09-30_1113CEST_R1-V0-A1-UP0-SD4.mkv'],artifacts,on,2023-10-30 15:50:59 386125
25,1,['videos\\documentary\\fb35_report.2010-09-30_1113CEST_R1-V0-A1-UP0-SD4.mkv'],stop_watching,on,2023-10-30 15:50:59 386125
25,2,['videos\\gaming\\pocket_report.2011-01-29_1800CET_R1-V0-A1-UP0-SD4.mkv'],radio,4,2023-10-30 15:52:13 162901
25,3,['videos\\movie\\terminator_report.2011-04-21_1135CEST_R2-V0-A1-UP0-SD4.mkv'],radio,4,2023-10-30 15:53:44 492540
25,3,['videos\\movie\\terminator_report.2011-04-21_1135CEST_R2-V0-A1-UP0-SD4.mkv'],pixelization,on,2023-10-30 15:53:44 492540
25,4,['videos\\music\\lestwins_vodafone_IE_2019.02.26_17.47.50_R2-V0-A1-UP0-SD4.mkv'],radio,4,2023-10-30 16:03:49 044376
25,4,['videos\\music\\lestwins_vodafone_IE_2019.02.26_17.47.50_R2-V0-A1-UP0-SD4.mkv'],artifacts,on,2023-10-30 16:03:49 044376
25,5,['videos\\news\\everton_report.2010-09-30_1113CEST_R1-V0-A1-UP0-SD4.mkv'],radio,1,2023-10-30 16:09:14 871974
25,5,['videos\\news\\everton_report.2010-09-30_1113CEST_R1-V0-A1-UP0-SD4.mkv'],stalling,on,2023-10-30 16:09:14 871974
25,5,['videos\\news\\everton_report.2010-09-30_1113CEST_R1-V0-A1-UP0-SD4.mkv'],res_switches,on,2023-10-30 16:09:14 871974
25,5,['videos\\news\\everton_report.2010-09-30_1113CEST_R1-V0-A1-UP0-SD4.mkv'],pixelization,on,2023-10-30 16:09:14 871974
25,5,['videos\\news\\everton_report.2010-09-30_1113CEST_R1-V0-A1-UP0-SD4.mkv'],uniteresting_content,on,2023-10-30 16:09:14 871974
25,5,['videos\\news\\everton_report.2010-09-30_1113CEST_R1-V0-A1-UP0-SD4.mkv'],stop_watching,on,2023-10-30 16:09:14 871974
25,6,['videos\\sport\\sopercopa_report.2010-09-30_1113CEST_R1-V0-A1-UP0-SD4.mkv'],radio,5,2023-10-30 16:11:57 162106
25,6,['videos\\sport\\sopercopa_report.2010-09-30_1113CEST_R1-V0-A1-UP0-SD4.mkv'],pixelization,on,2023-10-30 16:11:57 162106
26,0,['videos\\animated\\penc_A_2017.12.11_10.00.59_R1-V0-A1-UP0-SD4.mkv'],radio,4,2023-10-31 14:13:51 344101
26,0,['videos\\animated\\penc_A_2017.12.11_10.00.59_R1-V0-A1-UP0-SD4.mkv'],uniteresting_content,on,2023-10-31 14:13:51 344101
26,0,['videos\\animated\\penc_A_2017.12.11_10.00.59_R1-V0-A1-UP0-SD4.mkv'],stop_watching,on,2023-10-31 14:13:51 344101
26,1,['videos\\documentary\\fb35_vodafone_IE_2019.02.26_17.47.50_R1-V0-A1-UP0-SD4.mkv'],radio,5,2023-10-31 14:19:02 756011
26,2,['videos\\gaming\\pocket_report.2010-09-30_1113CEST_R1-V0-A1-UP0-SD4.mkv'],radio,1,2023-10-31 14:20:06 604986
26,2,['videos\\gaming\\pocket_report.2010-09-30_1113CEST_R1-V0-A1-UP0-SD4.mkv'],uniteresting_content,on,2023-10-31 14:20:06 604986
26,2,['videos\\gaming\\pocket_report.2010-09-30_1113CEST_R1-V0-A1-UP0-SD4.mkv'],stop_watching,on,2023-10-31 14:20:06 604986
26,3,['videos\\movie\\mrbean_report.2011-01-29_1800CET_R1-V0-A1-UP0-SD4.mkv'],radio,2,2023-10-31 14:25:23 507704
26,3,['videos\\movie\\mrbean_report.2011-01-29_1800CET_R1-V0-A1-UP0-SD4.mkv'],res_switches,on,2023-10-31 14:25:23 507704
26,3,['videos\\movie\\mrbean_report.2011-01-29_1800CET_R1-V0-A1-UP0-SD4.mkv'],pixelization,on,2023-10-31 14:25:23 507704
26,4,['videos\\music\\rmoff_vodafone_IE_2019.02.26_17.47.50_R2-V0-A1-UP0-SD4.mkv'],radio,5,2023-10-31 14:28:35 058726
26,5,['videos\\news\\fox_A_2017.12.11_10.00.59_R1-V0-A1-UP0-SD4.mkv'],radio,1,2023-10-31 14:34:11 241363
26,5,['videos\\news\\fox_A_2017.12.11_10.00.59_R1-V0-A1-UP0-SD4.mkv'],uniteresting_content,on,2023-10-31 14:34:11 241363
26,5,['videos\\news\\fox_A_2017.12.11_10.00.59_R1-V0-A1-UP0-SD4.mkv'],stop_watching,on,2023-10-31 14:34:11 241363
26,6,['videos\\sport\\sopercopa_vodafone_IE_2019.02.26_17.47.50_R2-V0-A1-UP0-SD4.mkv'],radio,3,2023-10-31 14:36:52 279989
26,6,['videos\\sport\\sopercopa_vodafone_IE_2019.02.26_17.47.50_R2-V0-A1-UP0-SD4.mkv'],pixelization,on,2023-10-31 14:36:52 279989
27,0,['videos\\animated\\penc_A_2017.12.11_10.00.59_R1-V0-A1-UP0-SD4.mkv'],radio,4,2023-10-31 15:03:06 333169
27,0,['videos\\animated\\penc_A_2017.12.11_10.00.59_R1-V0-A1-UP0-SD4.mkv'],res_switches,on,2023-10-31 15:03:06 333169
27,0,['videos\\animated\\penc_A_2017.12.11_10.00.59_R1-V0-A1-UP0-SD4.mkv'],pixelization,on,2023-10-31 15:03:06 333169
27,0,['videos\\animated\\penc_A_2017.12.11_10.00.59_R1-V0-A1-UP0-SD4.mkv'],uniteresting_content,on,2023-10-31 15:03:06 333169
27,0,['videos\\animated\\penc_A_2017.12.11_10.00.59_R1-V0-A1-UP0-SD4.mkv'],stop_watching,on,2023-10-31 15:03:06 333169
27,1,['videos\\documentary\\fb35_report.2010-09-30_1113CEST_R1-V0-A1-UP0-SD4.mkv'],radio,2,2023-10-31 15:08:21 117706
27,1,['videos\\documentary\\fb35_report.2010-09-30_1113CEST_R1-V0-A1-UP0-SD4.mkv'],stalling,on,2023-10-31 15:08:21 117706
27,1,['videos\\documentary\\fb35_report.2010-09-30_1113CEST_R1-V0-A1-UP0-SD4.mkv'],res_switches,on,2023-10-31 15:08:21 117706
27,1,['videos\\documentary\\fb35_report.2010-09-30_1113CEST_R1-V0-A1-UP0-SD4.mkv'],pixelization,on,2023-10-31 15:08:21 117706
27,1,['videos\\documentary\\fb35_report.2010-09-30_1113CEST_R1-V0-A1-UP0-SD4.mkv'],artifacts,on,2023-10-31 15:08:21 117706
27,1,['videos\\documentary\\fb35_report.2010-09-30_1113CEST_R1-V0-A1-UP0-SD4.mkv'],stop_watching,on,2023-10-31 15:08:21 117706
27,2,['videos\\gaming\\ds_report.2010-09-30_1113CEST_R3-V0-A1-UP0-SD4.mkv'],radio,3,2023-10-31 15:12:03 748002
27,2,['videos\\gaming\\ds_report.2010-09-30_1113CEST_R3-V0-A1-UP0-SD4.mkv'],pixelization,on,2023-10-31 15:12:03 748002
27,3,['videos\\movie\\mrbean_A_2017.12.11_10.00.59_R1-V0-A1-UP0-SD4.mkv'],radio,3,2023-10-31 15:17:16 414964
27,3,['videos\\movie\\mrbean_A_2017.12.11_10.00.59_R1-V0-A1-UP0-SD4.mkv'],pixelization,on,2023-10-31 15:17:16 414964
27,3,['videos\\movie\\mrbean_A_2017.12.11_10.00.59_R1-V0-A1-UP0-SD4.mkv'],artifacts,on,2023-10-31 15:17:16 414964
27,3,['videos\\movie\\mrbean_A_2017.12.11_10.00.59_R1-V0-A1-UP0-SD4.mkv'],uniteresting_content,on,2023-10-31 15:17:16 414964
27,4,['videos\\music\\rmoff_report.2010-09-30_1113CEST_R3-V0-A1-UP0-SD4.mkv'],radio,3,2023-10-31 15:20:28 548266
27,4,['videos\\music\\rmoff_report.2010-09-30_1113CEST_R3-V0-A1-UP0-SD4.mkv'],pixelization,on,2023-10-31 15:20:28 548266
27,4,['videos\\music\\rmoff_report.2010-09-30_1113CEST_R3-V0-A1-UP0-SD4.mkv'],artifacts,on,2023-10-31 15:20:28 548266
27,5,['videos\\news\\everton_vodafone_IE_2019.02.26_17.47.50_R1-V0-A1-UP0-SD4.mkv'],radio,5,2023-10-31 15:25:35 908203
27,5,['videos\\news\\everton_vodafone_IE_2019.02.26_17.47.50_R1-V0-A1-UP0-SD4.mkv'],uniteresting_content,on,2023-10-31 15:25:35 908203
27,6,['videos\\sport\\sopercopa_report.2010-09-30_1113CEST_R1-V0-A1-UP0-SD4.mkv'],radio,2,2023-10-31 15:28:13 938962
27,6,['videos\\sport\\sopercopa_report.2010-09-30_1113CEST_R1-V0-A1-UP0-SD4.mkv'],pixelization,on,2023-10-31 15:28:13 938962
28,0,['videos\\animated\\titans_A_2017.12.11_10.00.59_R1-V0-A1-UP0-SD4.mkv'],radio,4,2023-10-31 15:51:34 479927
28,0,['videos\\animated\\titans_A_2017.12.11_10.00.59_R1-V0-A1-UP0-SD4.mkv'],res_switches,on,2023-10-31 15:51:34 479927
28,0,['videos\\animated\\titans_A_2017.12.11_10.00.59_R1-V0-A1-UP0-SD4.mkv'],artifacts,on,2023-10-31 15:51:34 479927
28,1,['videos\\documentary\\spreader_vodafone_IE_2019.02.26_17.47.50_R1-V0-A1-UP0-SD4.mkv'],radio,4,2023-10-31 15:52:51 390137
28,1,['videos\\documentary\\spreader_vodafone_IE_2019.02.26_17.47.50_R1-V0-A1-UP0-SD4.mkv'],res_switches,on,2023-10-31 15:52:51 390137
28,2,['videos\\gaming\\ds_vodafone_IE_2019.02.26_17.47.50_R1-V0-A1-UP0-SD4.mkv'],radio,5,2023-10-31 15:56:45 699940
28,2,['videos\\gaming\\ds_vodafone_IE_2019.02.26_17.47.50_R1-V0-A1-UP0-SD4.mkv'],artifacts,on,2023-10-31 15:56:45 699940
28,3,['videos\\movie\\terminator_A_2017.12.11_10.00.59_R1-V0-A1-UP0-SD4.mkv'],radio,3,2023-10-31 15:58:19 565957
28,3,['videos\\movie\\terminator_A_2017.12.11_10.00.59_R1-V0-A1-UP0-SD4.mkv'],artifacts,on,2023-10-31 15:58:19 565957
28,3,['videos\\movie\\terminator_A_2017.12.11_10.00.59_R1-V0-A1-UP0-SD4.mkv'],stop_watching,on,2023-10-31 15:58:19 565957
28,4,['videos\\music\\rmoff_vodafone_IE_2019.02.26_17.47.50_R2-V0-A1-UP0-SD4.mkv'],radio,4,2023-10-31 16:01:28 119629
28,4,['videos\\music\\rmoff_vodafone_IE_2019.02.26_17.47.50_R2-V0-A1-UP0-SD4.mkv'],artifacts,on,2023-10-31 16:01:28 119629
28,5,['videos\\news\\everton_report.2010-09-30_1113CEST_R1-V0-A1-UP0-SD4.mkv'],radio,2,2023-10-31 16:06:55 877487
28,5,['videos\\news\\everton_report.2010-09-30_1113CEST_R1-V0-A1-UP0-SD4.mkv'],stalling,on,2023-10-31 16:06:55 877487
28,5,['videos\\news\\everton_report.2010-09-30_1113CEST_R1-V0-A1-UP0-SD4.mkv'],res_switches,on,2023-10-31 16:06:55 877487
28,5,['videos\\news\\everton_report.2010-09-30_1113CEST_R1-V0-A1-UP0-SD4.mkv'],pixelization,on,2023-10-31 16:06:55 877487
28,5,['videos\\news\\everton_report.2010-09-30_1113CEST_R1-V0-A1-UP0-SD4.mkv'],artifacts,on,2023-10-31 16:06:55 877487
28,5,['videos\\news\\everton_report.2010-09-30_1113CEST_R1-V0-A1-UP0-SD4.mkv'],uniteresting_content,on,2023-10-31 16:06:55 877487
28,6,['videos\\sport\\tycr7_report.2010-09-30_1113CEST_R1-V0-A1-UP0-SD4.mkv'],radio,1,2023-10-31 16:12:17 949148
28,6,['videos\\sport\\tycr7_report.2010-09-30_1113CEST_R1-V0-A1-UP0-SD4.mkv'],stalling,on,2023-10-31 16:12:17 949148
28,6,['videos\\sport\\tycr7_report.2010-09-30_1113CEST_R1-V0-A1-UP0-SD4.mkv'],res_switches,on,2023-10-31 16:12:17 949148
28,6,['videos\\sport\\tycr7_report.2010-09-30_1113CEST_R1-V0-A1-UP0-SD4.mkv'],pixelization,on,2023-10-31 16:12:17 949148
28,6,['videos\\sport\\tycr7_report.2010-09-30_1113CEST_R1-V0-A1-UP0-SD4.mkv'],artifacts,on,2023-10-31 16:12:17 949148
28,6,['videos\\sport\\tycr7_report.2010-09-30_1113CEST_R1-V0-A1-UP0-SD4.mkv'],stop_watching,on,2023-10-31 16:12:17 949148
